name,district,lng,lat,boundary,population,building_count,building_type
醒狮小区,泉山区,117.183701,34.267605,"[[117.18157739208397, 34.26548139208397], [117.18582460791603, 34.26548139208397], [117.18582460791603, 34.269728607916036], [117.18157739208397, 34.269728607916036], [117.18157739208397, 34.26548139208397]]",1051,25,normal
民富园小区,云龙区,117.234955,34.249274,"[[117.23204386842237, 34.24636286842237], [117.23786613157763, 34.24636286842237], [117.23786613157763, 34.252185131577626], [117.23204386842237, 34.252185131577626], [117.23204386842237, 34.24636286842237]]",3700,15,normal
风尚米兰,鼓楼区,117.188604,34.279964,"[[117.18516308959347, 34.276523089593475], [117.19204491040652, 34.276523089593475], [117.19204491040652, 34.283404910406524], [117.18516308959347, 34.283404910406524], [117.18516308959347, 34.276523089593475]]",4130,7,old
锦绣茗都,鼓楼区,117.191158,34.265398,"[[117.18738989794336, 34.261629897943365], [117.19492610205664, 34.261629897943365], [117.19492610205664, 34.26916610205663], [117.18738989794336, 34.26916610205663], [117.18738989794336, 34.261629897943365]]",3696,25,old
福水小区,泉山区,117.181221,34.266965,"[[117.17835063134115, 34.26409463134115], [117.18409136865884, 34.26409463134115], [117.18409136865884, 34.269835368658846], [117.17835063134115, 34.269835368658846], [117.17835063134115, 34.26409463134115]]",2056,29,normal
万达华府,铜山区,117.188552,34.196561,"[[117.18596579566476, 34.193974795664765], [117.19113820433525, 34.193974795664765], [117.19113820433525, 34.19914720433524], [117.18596579566476, 34.19914720433524], [117.18596579566476, 34.193974795664765]]",4403,13,normal
万科城,鼓楼区,117.155088,34.302751,"[[117.15283423236713, 34.300497232367114], [117.15734176763289, 34.300497232367114], [117.15734176763289, 34.30500476763289], [117.15283423236713, 34.30500476763289], [117.15283423236713, 34.300497232367114]]",1804,24,normal
荣盛城,泉山区,117.122259,34.25621,"[[117.12004449846218, 34.25399549846218], [117.12447350153782, 34.25399549846218], [117.12447350153782, 34.258424501537824], [117.12004449846218, 34.258424501537824], [117.12004449846218, 34.25399549846218]]",3077,27,normal
荣盛花语城,泉山区,117.222756,34.210907,"[[117.22049623749697, 34.20864723749697], [117.22501576250303, 34.20864723749697], [117.22501576250303, 34.21316676250303], [117.22049623749697, 34.21316676250303], [117.22049623749697, 34.20864723749697]]",3618,22,new
惠民花园小区,云龙区,117.268931,34.173306,"[[117.26658887651033, 34.17096387651032], [117.27127312348966, 34.17096387651032], [117.27127312348966, 34.17564812348967], [117.26658887651033, 34.17564812348967], [117.26658887651033, 34.17096387651032]]",2325,14,old
苏园里,云龙区,117.192454,34.256549,"[[117.18876806222815, 34.252863062228144], [117.19613993777185, 34.252863062228144], [117.19613993777185, 34.260234937771855], [117.18876806222815, 34.260234937771855], [117.18876806222815, 34.252863062228144]]",2777,7,normal
天山绿洲,泉山区,117.165831,34.268421,"[[117.16274802130992, 34.265338021309915], [117.16891397869007, 34.265338021309915], [117.16891397869007, 34.27150397869008], [117.16274802130992, 34.27150397869008], [117.16274802130992, 34.265338021309915]]",1702,27,normal
梅园公寓(民主南路),云龙区,117.197834,34.251844,"[[117.19479516555478, 34.24880516555478], [117.20087283444522, 34.24880516555478], [117.20087283444522, 34.25488283444522], [117.19479516555478, 34.25488283444522], [117.19479516555478, 34.24880516555478]]",3656,20,normal
港利·上城国际,鼓楼区,117.167745,34.326946,"[[117.16516853282157, 34.32436953282158], [117.17032146717843, 34.32436953282158], [117.17032146717843, 34.32952246717842], [117.16516853282157, 34.32952246717842], [117.16516853282157, 34.32436953282158]]",4161,15,normal
大学城,泉山区,117.192631,34.221061,"[[117.18912662368996, 34.21755662368996], [117.19613537631005, 34.21755662368996], [117.19613537631005, 34.22456537631004], [117.18912662368996, 34.22456537631004], [117.18912662368996, 34.21755662368996]]",3331,28,old
中骏汇景城,铜山区,117.131736,34.17818,"[[117.12779729643087, 34.174241296430864], [117.13567470356914, 34.174241296430864], [117.13567470356914, 34.18211870356913], [117.12779729643087, 34.18211870356913], [117.12779729643087, 34.174241296430864]]",4024,13,normal
保利·鑫城,贾汪区,117.266724,34.261129,"[[117.26281917149075, 34.25722417149075], [117.27062882850925, 34.25722417149075], [117.27062882850925, 34.265033828509246], [117.26281917149075, 34.265033828509246], [117.26281917149075, 34.25722417149075]]",2384,28,normal
中锐星尚城,云龙区,117.294806,34.187778,"[[117.29256931376051, 34.18554131376052], [117.29704268623948, 34.18554131376052], [117.29704268623948, 34.190014686239486], [117.29256931376051, 34.190014686239486], [117.29256931376051, 34.18554131376052]]",3100,27,normal
醒狮小区1期,泉山区,117.183707,34.267104,"[[117.17992514748511, 34.26332214748512], [117.18748885251489, 34.26332214748512], [117.18748885251489, 34.27088585251489], [117.17992514748511, 34.27088585251489], [117.17992514748511, 34.26332214748512]]",3113,25,normal
万科淮海天地三街区,泉山区,117.1486,34.263874,"[[117.1448870836019, 34.2601610836019], [117.1523129163981, 34.2601610836019], [117.1523129163981, 34.2675869163981], [117.1448870836019, 34.2675869163981], [117.1448870836019, 34.2601610836019]]",2243,30,old
绿地世纪城,云龙区,117.247074,34.245649,"[[117.24336178753096, 34.24193678753096], [117.25078621246904, 34.24193678753096], [117.25078621246904, 34.24936121246904], [117.24336178753096, 34.24936121246904], [117.24336178753096, 34.24193678753096]]",4111,7,normal
人才家园,云龙区,117.294757,34.209579,"[[117.29149953987569, 34.206321539875674], [117.29801446012432, 34.206321539875674], [117.29801446012432, 34.21283646012432], [117.29149953987569, 34.21283646012432], [117.29149953987569, 34.206321539875674]]",3726,16,new
绿地世纪城北区,云龙区,117.246477,34.248683,"[[117.2441183875687, 34.2463243875687], [117.2488356124313, 34.2463243875687], [117.2488356124313, 34.2510416124313], [117.2441183875687, 34.2510416124313], [117.2441183875687, 34.2463243875687]]",2720,30,normal
城置·国际花园城,贾汪区,117.275409,34.274025,"[[117.2728302895405, 34.2714462895405], [117.2779877104595, 34.2714462895405], [117.2779877104595, 34.276603710459504], [117.2728302895405, 34.276603710459504], [117.2728302895405, 34.2714462895405]]",996,24,normal
美的乐城,鼓楼区,117.233762,34.292889,"[[117.23094030230622, 34.29006730230622], [117.23658369769377, 34.29006730230622], [117.23658369769377, 34.295710697693785], [117.23094030230622, 34.295710697693785], [117.23094030230622, 34.29006730230622]]",2739,16,old
绿地理想城金山华府,泉山区,117.18306,34.220852,"[[117.17917790718283, 34.216969907182836], [117.18694209281716, 34.216969907182836], [117.18694209281716, 34.224734092817165], [117.17917790718283, 34.224734092817165], [117.17917790718283, 34.216969907182836]]",3007,29,new
莲花小区,云龙区,117.190893,34.251867,"[[117.1875810269254, 34.2485550269254], [117.1942049730746, 34.2485550269254], [117.1942049730746, 34.25517897307459], [117.1875810269254, 34.25517897307459], [117.1875810269254, 34.2485550269254]]",4600,30,normal
千禧城,铜山区,117.168581,34.150568,"[[117.1659901565437, 34.147977156543696], [117.1711718434563, 34.147977156543696], [117.1711718434563, 34.1531588434563], [117.1659901565437, 34.1531588434563], [117.1659901565437, 34.147977156543696]]",3609,27,old
雨润新城,泉山区,117.111582,34.265996,"[[117.10889949808423, 34.26331349808424], [117.11426450191577, 34.26331349808424], [117.11426450191577, 34.268678501915765], [117.10889949808423, 34.268678501915765], [117.10889949808423, 34.26331349808424]]",2092,8,old
招商万科山水间,铜山区,117.138441,34.180496,"[[117.13485431316018, 34.17690931316018], [117.14202768683982, 34.17690931316018], [117.14202768683982, 34.184082686839815], [117.13485431316018, 34.184082686839815], [117.13485431316018, 34.17690931316018]]",4028,6,normal
美的天誉,铜山区,117.122212,34.186255,"[[117.11881261330747, 34.18285561330747], [117.12561138669254, 34.18285561330747], [117.12561138669254, 34.18965438669254], [117.11881261330747, 34.18965438669254], [117.11881261330747, 34.18285561330747]]",2330,15,new
美润园,泉山区,117.108238,34.262781,"[[117.10436303973354, 34.258906039733546], [117.11211296026646, 34.258906039733546], [117.11211296026646, 34.26665596026645], [117.10436303973354, 34.26665596026645], [117.10436303973354, 34.258906039733546]]",4820,22,normal
万科新都会,铜山区,117.192075,34.190012,"[[117.18966038475658, 34.18759738475658], [117.19448961524343, 34.18759738475658], [117.19448961524343, 34.19242661524343], [117.18966038475658, 34.19242661524343], [117.18966038475658, 34.18759738475658]]",2807,29,new
和平壹号,云龙区,117.267805,34.250551,"[[117.26433148945732, 34.247077489457325], [117.27127851054267, 34.247077489457325], [117.27127851054267, 34.25402451054268], [117.26433148945732, 34.25402451054268], [117.26433148945732, 34.247077489457325]]",2390,18,normal
南郊·彩云里,云龙区,117.195676,34.249929,"[[117.19180356138571, 34.24605656138571], [117.1995484386143, 34.24605656138571], [117.1995484386143, 34.253801438614296], [117.19180356138571, 34.253801438614296], [117.19180356138571, 34.24605656138571]]",1247,9,old
万达中心名宅,云龙区,117.246141,34.254506,"[[117.24238922239037, 34.250754222390384], [117.24989277760962, 34.250754222390384], [117.24989277760962, 34.258257777609614], [117.24238922239037, 34.258257777609614], [117.24238922239037, 34.250754222390384]]",3370,18,old
绿地高铁东城,贾汪区,117.340327,34.248607,"[[117.33712978625375, 34.24540978625376], [117.34352421374625, 34.24540978625376], [117.34352421374625, 34.25180421374624], [117.33712978625375, 34.25180421374624], [117.33712978625375, 34.24540978625376]]",2064,18,new
金色年华,贾汪区,117.290271,34.275268,"[[117.28627921776899, 34.27127621776898], [117.29426278223102, 34.27127621776898], [117.29426278223102, 34.279259782231016], [117.28627921776899, 34.279259782231016], [117.28627921776899, 34.27127621776898]]",1382,28,normal
东贺花园B区,贾汪区,117.293295,34.275732,"[[117.28960014620193, 34.27203714620193], [117.29698985379807, 34.27203714620193], [117.29698985379807, 34.279426853798064], [117.28960014620193, 34.279426853798064], [117.28960014620193, 34.27203714620193]]",2452,25,normal
枫林天下,铜山区,117.135647,34.189547,"[[117.13248169239749, 34.18638169239748], [117.13881230760252, 34.18638169239748], [117.13881230760252, 34.19271230760251], [117.13248169239749, 34.19271230760251], [117.13248169239749, 34.18638169239748]]",3694,16,normal
开元·四季,泉山区,117.120112,34.239543,"[[117.11634691748111, 34.2357779174811], [117.1238770825189, 34.2357779174811], [117.1238770825189, 34.243308082518894], [117.11634691748111, 34.243308082518894], [117.11634691748111, 34.2357779174811]]",4377,19,normal
国基城邦,铜山区,117.141411,34.198866,"[[117.13894090793812, 34.19639590793812], [117.14388109206189, 34.19639590793812], [117.14388109206189, 34.20133609206189], [117.13894090793812, 34.20133609206189], [117.13894090793812, 34.19639590793812]]",3664,29,old
和信·香榭丽花园,鼓楼区,117.200905,34.267737,"[[117.19842020348125, 34.265252203481246], [117.20338979651876, 34.265252203481246], [117.20338979651876, 34.27022179651875], [117.19842020348125, 34.27022179651875], [117.19842020348125, 34.265252203481246]]",4709,14,normal
奎园小区,泉山区,117.204012,34.23316,"[[117.2002891827386, 34.22943718273859], [117.20773481726141, 34.22943718273859], [117.20773481726141, 34.2368828172614], [117.2002891827386, 34.2368828172614], [117.2002891827386, 34.22943718273859]]",1706,8,normal
风华园,泉山区,117.187775,34.216078,"[[117.1845301071393, 34.212833107139296], [117.19101989286071, 34.212833107139296], [117.19101989286071, 34.21932289286071], [117.1845301071393, 34.21932289286071], [117.1845301071393, 34.212833107139296]]",4158,12,normal
正德君城,云龙区,117.242918,34.253055,"[[117.23944934933519, 34.24958634933519], [117.24638665066482, 34.24958634933519], [117.24638665066482, 34.25652365066482], [117.23944934933519, 34.25652365066482], [117.23944934933519, 34.24958634933519]]",1152,23,normal
民强园小区,云龙区,117.242726,34.25716,"[[117.24033879750661, 34.254772797506604], [117.2451132024934, 34.254772797506604], [117.2451132024934, 34.259547202493394], [117.24033879750661, 34.259547202493394], [117.24033879750661, 34.254772797506604]]",4207,24,old
融创·玉兰公馆,泉山区,117.109616,34.269492,"[[117.10705600031028, 34.266932000310284], [117.11217599968973, 34.266932000310284], [117.11217599968973, 34.272051999689715], [117.10705600031028, 34.272051999689715], [117.10705600031028, 34.266932000310284]]",2750,11,normal
王场新村,鼓楼区,117.205451,34.289983,"[[117.20338281959428, 34.287914819594285], [117.20751918040571, 34.287914819594285], [117.20751918040571, 34.292051180405714], [117.20338281959428, 34.292051180405714], [117.20338281959428, 34.287914819594285]]",3366,18,normal
西苑民安园,泉山区,117.150098,34.270307,"[[117.14666143049054, 34.266870430490535], [117.15353456950946, 34.266870430490535], [117.15353456950946, 34.27374356950947], [117.14666143049054, 34.27374356950947], [117.14666143049054, 34.266870430490535]]",2265,28,old
东南郡,泉山区,117.227367,34.205907,"[[117.22397533739449, 34.20251533739449], [117.23075866260551, 34.20251533739449], [117.23075866260551, 34.20929866260552], [117.22397533739449, 34.20929866260552], [117.22397533739449, 34.20251533739449]]",3387,27,normal
和平上东,云龙区,117.267249,34.257753,"[[117.26455313849718, 34.25505713849718], [117.26994486150284, 34.25505713849718], [117.26994486150284, 34.26044886150282], [117.26455313849718, 34.26044886150282], [117.26455313849718, 34.25505713849718]]",2745,17,normal
民祥园,云龙区,117.241128,34.249339,"[[117.23858828150203, 34.24679928150202], [117.24366771849797, 34.24679928150202], [117.24366771849797, 34.25187871849798], [117.23858828150203, 34.25187871849798], [117.23858828150203, 34.24679928150202]]",3013,11,normal
荣盛泉盛美家,泉山区,117.126013,34.261032,"[[117.12393188598806, 34.25895088598805], [117.12809411401194, 34.25895088598805], [117.12809411401194, 34.26311311401195], [117.12393188598806, 34.26311311401195], [117.12393188598806, 34.25895088598805]]",4249,17,normal
华润·橡树湾,云龙区,117.260435,34.250426,"[[117.2579993418624, 34.2479903418624], [117.2628706581376, 34.2479903418624], [117.2628706581376, 34.2528616581376], [117.2579993418624, 34.2528616581376], [117.2579993418624, 34.2479903418624]]",2860,21,normal
书香华府,鼓楼区,117.152602,34.278605,"[[117.15036335911631, 34.27636635911632], [117.15484064088369, 34.27636635911632], [117.15484064088369, 34.28084364088368], [117.15036335911631, 34.28084364088368], [117.15036335911631, 34.27636635911632]]",2965,23,normal
香缇公馆,泉山区,117.111495,34.267614,"[[117.10769176258476, 34.263810762584754], [117.11529823741525, 34.263810762584754], [117.11529823741525, 34.27141723741525], [117.10769176258476, 34.27141723741525], [117.10769176258476, 34.263810762584754]]",3465,15,new
和平上东璟园,云龙区,117.26558,34.256895,"[[117.26325963789463, 34.25457463789464], [117.26790036210537, 34.25457463789464], [117.26790036210537, 34.25921536210536], [117.26325963789463, 34.25921536210536], [117.26325963789463, 34.25457463789464]]",3636,9,normal
九里新苑,鼓楼区,117.152611,34.323187,"[[117.15010970220624, 34.32068570220624], [117.15511229779375, 34.32068570220624], [117.15511229779375, 34.325688297793754], [117.15010970220624, 34.325688297793754], [117.15010970220624, 34.32068570220624]]",1086,24,new
荣盛城麓山荣郡,泉山区,117.131225,34.256485,"[[117.12742954930091, 34.25268954930092], [117.13502045069909, 34.25268954930092], [117.13502045069909, 34.26028045069908], [117.12742954930091, 34.26028045069908], [117.12742954930091, 34.25268954930092]]",3132,26,new
枫林学府,铜山区,117.134657,34.182923,"[[117.13196437034378, 34.180230370343786], [117.13734962965623, 34.180230370343786], [117.13734962965623, 34.18561562965622], [117.13196437034378, 34.18561562965622], [117.13196437034378, 34.180230370343786]]",3723,18,normal
子房美景花园,云龙区,117.211334,34.271578,"[[117.20763340377076, 34.26787740377076], [117.21503459622923, 34.26787740377076], [117.21503459622923, 34.275278596229235], [117.20763340377076, 34.275278596229235], [117.20763340377076, 34.26787740377076]]",2280,20,normal
美的·时代城,贾汪区,117.340866,34.241622,"[[117.33815931753004, 34.23891531753004], [117.34357268246997, 34.23891531753004], [117.34357268246997, 34.24432868246996], [117.33815931753004, 34.24432868246996], [117.33815931753004, 34.23891531753004]]",2585,21,normal
云龙华府1期,云龙区,117.252115,34.250657,"[[117.24874371137012, 34.247285711370125], [117.25548628862988, 34.247285711370125], [117.25548628862988, 34.25402828862987], [117.24874371137012, 34.25402828862987], [117.24874371137012, 34.247285711370125]]",2395,6,old
万科·中山都会,鼓楼区,117.184678,34.326943,"[[117.18254727348966, 34.324812273489655], [117.18680872651035, 34.324812273489655], [117.18680872651035, 34.329073726510344], [117.18254727348966, 34.329073726510344], [117.18254727348966, 34.324812273489655]]",3574,21,normal
荣盛·香榭兰庭2期,云龙区,117.246012,34.257496,"[[117.24204965155184, 34.25353365155185], [117.24997434844815, 34.25353365155185], [117.24997434844815, 34.26145834844816], [117.24204965155184, 34.26145834844816], [117.24204965155184, 34.25353365155185]]",4583,16,new
恒大滨河左岸,泉山区,117.21674,34.200776,"[[117.21379879596728, 34.19783479596727], [117.21968120403272, 34.19783479596727], [117.21968120403272, 34.20371720403273], [117.21379879596728, 34.20371720403273], [117.21379879596728, 34.19783479596727]]",4446,23,normal
湖西雅苑F区,泉山区,117.124296,34.243639,"[[117.12198711981203, 34.241330119812034], [117.12660488018797, 34.241330119812034], [117.12660488018797, 34.24594788018797], [117.12198711981203, 34.24594788018797], [117.12198711981203, 34.241330119812034]]",2945,26,normal
保利和府,泉山区,117.179158,34.218304,"[[117.17687930079528, 34.21602530079528], [117.18143669920472, 34.21602530079528], [117.18143669920472, 34.220582699204726], [117.17687930079528, 34.220582699204726], [117.17687930079528, 34.21602530079528]]",3352,22,old
绿地·城市广场,云龙区,117.248497,34.250133,"[[117.24512932771876, 34.24676532771875], [117.25186467228124, 34.24676532771875], [117.25186467228124, 34.25350067228125], [117.24512932771876, 34.25350067228125], [117.24512932771876, 34.24676532771875]]",1147,16,new
万科淮海天地一街区,泉山区,117.153477,34.262631,"[[117.15021552570175, 34.259369525701764], [117.15673847429824, 34.259369525701764], [117.15673847429824, 34.265892474298234], [117.15021552570175, 34.265892474298234], [117.15021552570175, 34.259369525701764]]",3100,6,normal
枫林天下康城,铜山区,117.131643,34.183694,"[[117.1280888146299, 34.18013981462991], [117.13519718537009, 34.18013981462991], [117.13519718537009, 34.187248185370095], [117.1280888146299, 34.187248185370095], [117.1280888146299, 34.18013981462991]]",2469,11,new
中维·月桥花院,云龙区,117.29455,34.195946,"[[117.29124589073628, 34.192641890736276], [117.29785410926372, 34.192641890736276], [117.29785410926372, 34.19925010926372], [117.29124589073628, 34.19925010926372], [117.29124589073628, 34.192641890736276]]",1481,23,old
嘉和雅苑,泉山区,117.162418,34.253403,"[[117.16036068439786, 34.251345684397855], [117.16447531560215, 34.251345684397855], [117.16447531560215, 34.25546031560214], [117.16036068439786, 34.25546031560214], [117.16036068439786, 34.251345684397855]]",4583,15,normal
徐矿城,鼓楼区,117.147113,34.321953,"[[117.14439091760846, 34.31923091760846], [117.14983508239155, 34.31923091760846], [117.14983508239155, 34.32467508239154], [117.14439091760846, 34.32467508239154], [117.14439091760846, 34.31923091760846]]",1126,7,normal
中梁香缇公馆蕴景嘉园,泉山区,117.116395,34.26561,"[[117.11321971638105, 34.26243471638105], [117.11957028361894, 34.26243471638105], [117.11957028361894, 34.26878528361895], [117.11321971638105, 34.26878528361895], [117.11321971638105, 34.26243471638105]]",2656,20,normal
金地格林世界,铜山区,117.140625,34.173433,"[[117.13732557048338, 34.17013357048339], [117.14392442951662, 34.17013357048339], [117.14392442951662, 34.17673242951662], [117.13732557048338, 34.17673242951662], [117.13732557048338, 34.17013357048339]]",4802,25,normal
云龙华府2期,云龙区,117.252095,34.248075,"[[117.2487651221193, 34.244745122119305], [117.2554248778807, 34.244745122119305], [117.2554248778807, 34.251404877880695], [117.2487651221193, 34.251404877880695], [117.2487651221193, 34.244745122119305]]",2436,11,normal
荣盛·香榭兰庭,云龙区,117.245628,34.25871,"[[117.24276022357799, 34.25584222357799], [117.248495776422, 34.25584222357799], [117.248495776422, 34.26157777642201], [117.24276022357799, 34.26157777642201], [117.24276022357799, 34.25584222357799]]",2497,7,normal
碧螺山庄,鼓楼区,117.247832,34.293885,"[[117.24542664746323, 34.291479647463234], [117.25023735253677, 34.291479647463234], [117.25023735253677, 34.29629035253677], [117.24542664746323, 34.29629035253677], [117.24542664746323, 34.291479647463234]]",2619,14,new
未来城,云龙区,117.295002,34.214234,"[[117.29156865983967, 34.21080065983967], [117.29843534016032, 34.21080065983967], [117.29843534016032, 34.217667340160325], [117.29156865983967, 34.217667340160325], [117.29156865983967, 34.21080065983967]]",3701,12,new
水沐玖悦府,云龙区,117.307858,34.218159,"[[117.30553089978191, 34.21583189978191], [117.31018510021808, 34.21583189978191], [117.31018510021808, 34.22048610021809], [117.30553089978191, 34.22048610021809], [117.30553089978191, 34.21583189978191]]",3070,28,new
华辰丽景,泉山区,117.144436,34.267026,"[[117.14045992668986, 34.26304992668986], [117.14841207331014, 34.26304992668986], [117.14841207331014, 34.27100207331014], [117.14045992668986, 34.27100207331014], [117.14045992668986, 34.26304992668986]]",3694,18,normal
万科城麓园,鼓楼区,117.15305,34.299091,"[[117.15102492950045, 34.29706592950045], [117.15507507049954, 34.29706592950045], [117.15507507049954, 34.301116070499546], [117.15102492950045, 34.301116070499546], [117.15102492950045, 34.29706592950045]]",1543,9,old
南洋国际,铜山区,117.182603,34.179157,"[[117.17945356097918, 34.17600756097918], [117.18575243902082, 34.17600756097918], [117.18575243902082, 34.18230643902081], [117.17945356097918, 34.18230643902081], [117.17945356097918, 34.17600756097918]]",3941,17,normal
荣盛城观澜悦居,泉山区,117.120296,34.255614,"[[117.11736816621926, 34.25268616621928], [117.12322383378073, 34.25268616621928], [117.12322383378073, 34.258541833780725], [117.11736816621926, 34.258541833780725], [117.11736816621926, 34.25268616621928]]",4889,7,normal
王陵大院,泉山区,117.184904,34.255552,"[[117.18232993126196, 34.25297793126195], [117.18747806873805, 34.25297793126195], [117.18747806873805, 34.25812606873805], [117.18232993126196, 34.25812606873805], [117.18232993126196, 34.25297793126195]]",3082,7,normal
滨湖花园,泉山区,117.144723,34.248512,"[[117.14247101954183, 34.246260019541836], [117.14697498045817, 34.246260019541836], [117.14697498045817, 34.25076398045816], [117.14247101954183, 34.25076398045816], [117.14247101954183, 34.246260019541836]]",2880,21,old
珍宝岛·熙悦府,铜山区,117.211863,34.166251,"[[117.20861639715716, 34.16300439715717], [117.21510960284283, 34.16300439715717], [117.21510960284283, 34.16949760284284], [117.20861639715716, 34.16949760284284], [117.20861639715716, 34.16300439715717]]",2548,25,normal
万悦城,泉山区,117.123461,34.231826,"[[117.11958648592449, 34.227951485924486], [117.12733551407553, 34.227951485924486], [117.12733551407553, 34.23570051407551], [117.11958648592449, 34.23570051407551], [117.11958648592449, 34.227951485924486]]",3266,11,new
润金城二期,云龙区,117.255995,34.24504,"[[117.25312079666044, 34.24216579666044], [117.25886920333956, 34.24216579666044], [117.25886920333956, 34.24791420333957], [117.25312079666044, 34.24791420333957], [117.25312079666044, 34.24216579666044]]",4963,29,new
世茂天域华府,云龙区,117.214457,34.245674,"[[117.21063994637612, 34.24185694637613], [117.21827405362387, 34.24185694637613], [117.21827405362387, 34.24949105362387], [117.21063994637612, 34.24949105362387], [117.21063994637612, 34.24185694637613]]",1909,9,normal
铜山区颐居·隐山观湖,铜山区,117.142796,34.158817,"[[117.14022546438191, 34.15624646438191], [117.1453665356181, 34.15624646438191], [117.1453665356181, 34.16138753561809], [117.14022546438191, 34.16138753561809], [117.14022546438191, 34.15624646438191]]",1735,15,normal
翡翠城,泉山区,117.222263,34.205193,"[[117.21887623447711, 34.20180623447711], [117.22564976552289, 34.20180623447711], [117.22564976552289, 34.20857976552289], [117.21887623447711, 34.20857976552289], [117.21887623447711, 34.20180623447711]]",2797,26,normal
绿地世纪城南区,云龙区,117.247392,34.243615,"[[117.24490338120286, 34.241126381202854], [117.24988061879715, 34.241126381202854], [117.24988061879715, 34.24610361879714], [117.24490338120286, 34.24610361879714], [117.24490338120286, 34.241126381202854]]",1376,12,normal
福地新居,鼓楼区,117.181978,34.272971,"[[117.17902336265826, 34.27001636265825], [117.18493263734175, 34.27001636265825], [117.18493263734175, 34.27592563734175], [117.17902336265826, 34.27592563734175], [117.17902336265826, 34.27001636265825]]",2526,11,normal
宝龙观邸,铜山区,117.144205,34.18226,"[[117.14057589025109, 34.17863089025109], [117.14783410974891, 34.17863089025109], [117.14783410974891, 34.185889109748906], [117.14057589025109, 34.185889109748906], [117.14057589025109, 34.17863089025109]]",1573,15,normal
美的·工润明湖,贾汪区,117.292536,34.25853,"[[117.28953395295837, 34.25552795295837], [117.29553804704163, 34.25552795295837], [117.29553804704163, 34.261532047041634], [117.28953395295837, 34.261532047041634], [117.28953395295837, 34.25552795295837]]",3371,15,new
雨润新城玉兰苑,泉山区,117.110251,34.265843,"[[117.10693600661426, 34.262528006614254], [117.11356599338575, 34.262528006614254], [117.11356599338575, 34.26915799338574], [117.10693600661426, 34.26915799338574], [117.10693600661426, 34.262528006614254]]",3263,6,old
国信上城学府,云龙区,117.275562,34.179804,"[[117.27291763154184, 34.17715963154184], [117.27820636845814, 34.17715963154184], [117.27820636845814, 34.182448368458154], [117.27291763154184, 34.182448368458154], [117.27291763154184, 34.17715963154184]]",1725,24,old
绿地之窗·国际花都,贾汪区,117.298362,34.262748,"[[117.29459253695269, 34.2589785369527], [117.3021314630473, 34.2589785369527], [117.3021314630473, 34.26651746304731], [117.29459253695269, 34.26651746304731], [117.29459253695269, 34.2589785369527]]",1066,19,normal
凯旋门,鼓楼区,117.18339,34.274864,"[[117.18114506605691, 34.27261906605691], [117.18563493394309, 34.27261906605691], [117.18563493394309, 34.27710893394309], [117.18114506605691, 34.27710893394309], [117.18114506605691, 34.27261906605691]]",2065,26,normal
湖滨西村,泉山区,117.147816,34.252328,"[[117.14536547129083, 34.24987747129083], [117.15026652870918, 34.24987747129083], [117.15026652870918, 34.25477852870917], [117.14536547129083, 34.25477852870917], [117.14536547129083, 34.24987747129083]]",4959,16,normal
徐州碧桂园,云龙区,117.289877,34.18187,"[[117.28680379512411, 34.17879679512411], [117.2929502048759, 34.17879679512411], [117.2929502048759, 34.1849432048759], [117.28680379512411, 34.1849432048759], [117.28680379512411, 34.17879679512411]]",3407,14,old
和平新村,泉山区,117.171853,34.266397,"[[117.16983135550092, 34.26437535550092], [117.17387464449908, 34.26437535550092], [117.17387464449908, 34.26841864449908], [117.16983135550092, 34.26841864449908], [117.16983135550092, 34.26437535550092]]",2247,15,normal
昆仑御,泉山区,117.214406,34.203543,"[[117.21156170053337, 34.20069870053338], [117.21725029946663, 34.20069870053338], [117.21725029946663, 34.20638729946663], [117.21156170053337, 34.20638729946663], [117.21156170053337, 34.20069870053338]]",1626,13,normal
保利合景珑湾花苑,贾汪区,117.296216,34.257188,"[[117.2932597777791, 34.2542317777791], [117.2991722222209, 34.2542317777791], [117.2991722222209, 34.2601442222209], [117.2932597777791, 34.2601442222209], [117.2932597777791, 34.2542317777791]]",3572,27,new
城置·国际花园城3期,贾汪区,117.276898,34.27621,"[[117.27290912076546, 34.272221120765465], [117.28088687923454, 34.272221120765465], [117.28088687923454, 34.28019887923453], [117.27290912076546, 34.28019887923453], [117.27290912076546, 34.272221120765465]]",3314,6,old
美的东湖天城,贾汪区,117.353859,34.241572,"[[117.35121904682076, 34.23893204682076], [117.35649895317924, 34.23893204682076], [117.35649895317924, 34.24421195317924], [117.35121904682076, 34.24421195317924], [117.35121904682076, 34.23893204682076]]",895,20,old
建国小区东区,云龙区,117.194537,34.256455,"[[117.19149058878025, 34.25340858878025], [117.19758341121974, 34.25340858878025], [117.19758341121974, 34.25950141121975], [117.19149058878025, 34.25950141121975], [117.19149058878025, 34.25340858878025]]",1610,12,normal
泉山森林海,铜山区,117.139499,34.1887,"[[117.13625780059175, 34.185458800591746], [117.14274019940825, 34.185458800591746], [117.14274019940825, 34.19194119940825], [117.13625780059175, 34.19194119940825], [117.13625780059175, 34.185458800591746]]",861,9,normal
如意家园,云龙区,117.235947,34.209065,"[[117.23332787415971, 34.20644587415971], [117.23856612584028, 34.20644587415971], [117.23856612584028, 34.21168412584029], [117.23332787415971, 34.21168412584029], [117.23332787415971, 34.20644587415971]]",4346,7,normal
绿地中央公元1期B3-7区,云龙区,117.285509,34.214195,"[[117.28201711605658, 34.21070311605657], [117.28900088394343, 34.21070311605657], [117.28900088394343, 34.21768688394342], [117.28201711605658, 34.21768688394342], [117.28201711605658, 34.21070311605657]]",2581,23,normal
绿地悦庭,云龙区,117.2855,34.211185,"[[117.2816422959024, 34.2073272959024], [117.2893577040976, 34.2073272959024], [117.2893577040976, 34.2150427040976], [117.2816422959024, 34.2150427040976], [117.2816422959024, 34.2073272959024]]",2094,10,new
国基逸境,铜山区,117.138265,34.194063,"[[117.13440436546041, 34.19020236546041], [117.1421256345396, 34.19020236546041], [117.1421256345396, 34.19792363453959], [117.13440436546041, 34.19792363453959], [117.13440436546041, 34.19020236546041]]",2939,24,normal
时代艺境,云龙区,117.287609,34.221656,"[[117.28408082113032, 34.21812782113031], [117.29113717886969, 34.21812782113031], [117.29113717886969, 34.225184178869696], [117.28408082113032, 34.225184178869696], [117.28408082113032, 34.21812782113031]]",1368,10,normal
璞樾·御珑湖,云龙区,117.254786,34.197183,"[[117.25247606603686, 34.19487306603688], [117.25709593396313, 34.19487306603688], [117.25709593396313, 34.19949293396313], [117.25247606603686, 34.19949293396313], [117.25247606603686, 34.19487306603688]]",2474,27,normal
徐州和信广场3期,鼓楼区,117.202587,34.269747,"[[117.19960564229892, 34.26676564229893], [117.20556835770107, 34.26676564229893], [117.20556835770107, 34.27272835770108], [117.19960564229892, 34.27272835770108], [117.19960564229892, 34.26676564229893]]",4105,23,old
美的城,贾汪区,117.285138,34.267078,"[[117.28257801110529, 34.264518011105274], [117.28769798889472, 34.264518011105274], [117.28769798889472, 34.26963798889472], [117.28257801110529, 34.26963798889472], [117.28257801110529, 34.264518011105274]]",2649,19,new
苏宁尊悦府邸,鼓楼区,117.18909,34.265325,"[[117.18553954635286, 34.26177454635286], [117.19264045364713, 34.26177454635286], [117.19264045364713, 34.268875453647134], [117.18553954635286, 34.268875453647134], [117.18553954635286, 34.26177454635286]]",2662,30,normal
融创·都会星宸,泉山区,117.115298,34.269414,"[[117.112879631946, 34.266995631945996], [117.11771636805399, 34.266995631945996], [117.11771636805399, 34.271832368054], [117.112879631946, 34.271832368054], [117.112879631946, 34.266995631945996]]",3602,25,normal
久隆凤凰城,铜山区,117.15341,34.180078,"[[117.15103360040824, 34.17770160040825], [117.15578639959175, 34.17770160040825], [117.15578639959175, 34.182454399591755], [117.15103360040824, 34.182454399591755], [117.15103360040824, 34.17770160040825]]",3053,24,old
澳东印象城,泉山区,117.197582,34.201035,"[[117.19504744878257, 34.19850044878258], [117.20011655121742, 34.19850044878258], [117.20011655121742, 34.20356955121741], [117.19504744878257, 34.20356955121741], [117.19504744878257, 34.19850044878258]]",4515,12,old
惠民花园小区怡然园,云龙区,117.273277,34.175558,"[[117.26994324837924, 34.17222424837925], [117.27661075162075, 34.17222424837925], [117.27661075162075, 34.17889175162075], [117.26994324837924, 34.17889175162075], [117.26994324837924, 34.17222424837925]]",4473,12,old
惠民花园小区翡翠园,云龙区,117.268229,34.173868,"[[117.26604883570944, 34.17168783570944], [117.27040916429057, 34.17168783570944], [117.27040916429057, 34.176048164290556], [117.26604883570944, 34.176048164290556], [117.26604883570944, 34.17168783570944]]",3058,8,normal
城置·国际花园城2期,贾汪区,117.273627,34.276636,"[[117.27159449380724, 34.27460349380724], [117.27565950619277, 34.27460349380724], [117.27565950619277, 34.278668506192766], [117.27159449380724, 34.278668506192766], [117.27159449380724, 34.27460349380724]]",2040,8,new
孤山阳光花园,贾汪区,117.34745,34.283314,"[[117.34487837326901, 34.280742373269014], [117.35002162673098, 34.280742373269014], [117.35002162673098, 34.28588562673098], [117.34487837326901, 34.28588562673098], [117.34487837326901, 34.280742373269014]]",1396,9,old
奥都花园,云龙区,117.306389,34.223243,"[[117.30287488131076, 34.21972888131076], [117.30990311868923, 34.21972888131076], [117.30990311868923, 34.226757118689235], [117.30287488131076, 34.226757118689235], [117.30287488131076, 34.21972888131076]]",1524,30,new
奥都花园东区,云龙区,117.30771,34.221903,"[[117.3053314028077, 34.2195244028077], [117.3100885971923, 34.2195244028077], [117.3100885971923, 34.224281597192295], [117.3053314028077, 34.224281597192295], [117.3053314028077, 34.2195244028077]]",4029,29,normal
怡康花园,鼓楼区,117.181313,34.286491,"[[117.17825247477093, 34.283430474770924], [117.18437352522908, 34.283430474770924], [117.18437352522908, 34.28955152522907], [117.17825247477093, 34.28955152522907], [117.17825247477093, 34.283430474770924]]",2579,28,normal
万科公园里,鼓楼区,117.15128,34.300411,"[[117.14915350917917, 34.298284509179176], [117.15340649082083, 34.298284509179176], [117.15340649082083, 34.30253749082082], [117.14915350917917, 34.30253749082082], [117.14915350917917, 34.298284509179176]]",3688,13,normal
鼓楼花园,鼓楼区,117.194888,34.300154,"[[117.19201151381644, 34.29727751381643], [117.19776448618357, 34.29727751381643], [117.19776448618357, 34.303030486183566], [117.19201151381644, 34.303030486183566], [117.19201151381644, 34.29727751381643]]",2805,18,new
万豪绿城,鼓楼区,117.279646,34.286857,"[[117.27668669031397, 34.283897690313964], [117.28260530968603, 34.283897690313964], [117.28260530968603, 34.28981630968603], [117.27668669031397, 34.28981630968603], [117.27668669031397, 34.283897690313964]]",2960,10,normal
天成花园,泉山区,117.191723,34.218614,"[[117.1884650382605, 34.215356038260516], [117.19498096173949, 34.215356038260516], [117.19498096173949, 34.22187196173949], [117.1884650382605, 34.22187196173949], [117.1884650382605, 34.215356038260516]]",2424,29,normal
望城花园,铜山区,117.137787,34.202857,"[[117.13418363066354, 34.19925363066355], [117.14139036933646, 34.19925363066355], [117.14139036933646, 34.206460369336455], [117.13418363066354, 34.206460369336455], [117.13418363066354, 34.19925363066355]]",1135,16,old
滨河花园,鼓楼区,117.20201,34.304502,"[[117.1983239880007, 34.300815988000686], [117.20569601199931, 34.300815988000686], [117.20569601199931, 34.30818801199931], [117.1983239880007, 34.30818801199931], [117.1983239880007, 34.300815988000686]]",900,12,normal
坡里花园,贾汪区,117.286376,34.281065,"[[117.28408821641206, 34.27877721641205], [117.28866378358795, 34.27877721641205], [117.28866378358795, 34.283352783587944], [117.28408821641206, 34.283352783587944], [117.28408821641206, 34.27877721641205]]",2808,10,normal
坡里花园C区,贾汪区,117.289216,34.279534,"[[117.28719556673228, 34.27751356673229], [117.29123643326771, 34.27751356673229], [117.29123643326771, 34.28155443326771], [117.28719556673228, 34.28155443326771], [117.28719556673228, 34.27751356673229]]",1940,11,normal
坡里花园A区,贾汪区,117.286269,34.280245,"[[117.28276381651035, 34.27673981651036], [117.28977418348966, 34.27673981651036], [117.28977418348966, 34.283750183489644], [117.28276381651035, 34.283750183489644], [117.28276381651035, 34.27673981651036]]",2566,13,old
坡里花园B区,贾汪区,117.288615,34.282812,"[[117.2854323323956, 34.27962933239561], [117.29179766760438, 34.27962933239561], [117.29179766760438, 34.28599466760439], [117.2854323323956, 34.28599466760439], [117.2854323323956, 34.27962933239561]]",4855,24,new
城置·国际花园城4期,贾汪区,117.277678,34.271935,"[[117.27548510997758, 34.26974210997759], [117.27987089002241, 34.26974210997759], [117.27987089002241, 34.274127890022406], [117.27548510997758, 34.274127890022406], [117.27548510997758, 34.26974210997759]]",1080,17,old
城置·国际花园城1期,贾汪区,117.273407,34.27282,"[[117.27021276412421, 34.26962576412421], [117.2766012358758, 34.26962576412421], [117.2766012358758, 34.2760142358758], [117.27021276412421, 34.2760142358758], [117.27021276412421, 34.26962576412421]]",3131,14,old
保利建发·天瑞,泉山区,117.17327,34.250465,"[[117.17007890537582, 34.24727390537581], [117.17646109462419, 34.24727390537581], [117.17646109462419, 34.25365609462418], [117.17007890537582, 34.25365609462418], [117.17007890537582, 34.24727390537581]]",4035,7,normal
凤凰花园,铜山区,117.14674,34.172672,"[[117.14424557102551, 34.170177571025505], [117.14923442897448, 34.170177571025505], [117.14923442897448, 34.17516642897449], [117.14424557102551, 34.17516642897449], [117.14424557102551, 34.170177571025505]]",2576,16,normal
云龙湖·峰荟,铜山区,117.13402,34.195986,"[[117.13007392426864, 34.19203992426864], [117.13796607573137, 34.19203992426864], [117.13796607573137, 34.199932075731354], [117.13007392426864, 34.199932075731354], [117.13007392426864, 34.19203992426864]]",3058,29,old
阳光花园,云龙区,117.235958,34.242519,"[[117.23314651350861, 34.23970751350861], [117.23876948649138, 34.23970751350861], [117.23876948649138, 34.24533048649139], [117.23314651350861, 34.24533048649139], [117.23314651350861, 34.23970751350861]]",2430,9,normal
杏山花园,泉山区,117.123331,34.238459,"[[117.12014492116182, 34.23527292116183], [117.12651707883816, 34.23527292116183], [117.12651707883816, 34.24164507883817], [117.12014492116182, 34.24164507883817], [117.12014492116182, 34.23527292116183]]",1625,14,normal
文欣花园,泉山区,117.218229,34.203441,"[[117.215937158696, 34.201149158696], [117.220520841304, 34.201149158696], [117.220520841304, 34.205732841304], [117.215937158696, 34.205732841304], [117.215937158696, 34.201149158696]]",4228,6,normal
滨湖花园西区,泉山区,117.142506,34.248677,"[[117.13976552573686, 34.245936525736866], [117.14524647426313, 34.245936525736866], [117.14524647426313, 34.251417474263135], [117.13976552573686, 34.251417474263135], [117.13976552573686, 34.245936525736866]]",3738,20,normal
东贺花园A区,贾汪区,117.282245,34.275755,"[[117.27900668782915, 34.272516687829146], [117.28548331217085, 34.272516687829146], [117.28548331217085, 34.27899331217085], [117.27900668782915, 34.27899331217085], [117.27900668782915, 34.272516687829146]]",1833,21,old
紫金·奥邻花园,云龙区,117.29833,34.221649,"[[117.29630830414489, 34.21962730414488], [117.30035169585513, 34.21962730414488], [117.30035169585513, 34.22367069585512], [117.29630830414489, 34.22367069585512], [117.29630830414489, 34.21962730414488]]",4011,28,normal
旺旺·名居花园,鼓楼区,117.262663,34.286446,"[[117.26044956135686, 34.284232561356866], [117.26487643864314, 34.284232561356866], [117.26487643864314, 34.28865943864313], [117.26044956135686, 34.28865943864313], [117.26044956135686, 34.284232561356866]]",3945,11,normal
富丽花园,泉山区,117.17009,34.255365,"[[117.16724229597331, 34.252517295973306], [117.1729377040267, 34.252517295973306], [117.1729377040267, 34.25821270402669], [117.16724229597331, 34.25821270402669], [117.16724229597331, 34.252517295973306]]",3723,15,normal
圆梦花园,云龙区,117.210621,34.262852,"[[117.20755951642427, 34.259790516424275], [117.21368248357574, 34.259790516424275], [117.21368248357574, 34.26591348357573], [117.20755951642427, 34.26591348357573], [117.20755951642427, 34.259790516424275]]",1126,28,normal
金山花园,泉山区,117.168178,34.219801,"[[117.1653533778885, 34.2169763778885], [117.1710026221115, 34.2169763778885], [117.1710026221115, 34.222625622111494], [117.1653533778885, 34.222625622111494], [117.1653533778885, 34.2169763778885]]",2082,30,normal
上山花园西区,贾汪区,117.297995,34.275635,"[[117.29587153523347, 34.27351153523348], [117.30011846476653, 34.27351153523348], [117.30011846476653, 34.27775846476652], [117.29587153523347, 34.27775846476652], [117.29587153523347, 34.27351153523348]]",3698,12,normal
上山花园,贾汪区,117.299112,34.275771,"[[117.29586923034756, 34.27252823034756], [117.30235476965242, 34.27252823034756], [117.30235476965242, 34.27901376965244], [117.29586923034756, 34.27901376965244], [117.29586923034756, 34.27252823034756]]",2159,9,new
琵琶花园,鼓楼区,117.2034,34.307827,"[[117.1997421366403, 34.30416913664029], [117.20705786335971, 34.30416913664029], [117.20705786335971, 34.311484863359716], [117.1997421366403, 34.311484863359716], [117.1997421366403, 34.30416913664029]]",2976,24,new
西贺花园,贾汪区,117.272344,34.279961,"[[117.26968877429498, 34.27730577429497], [117.27499922570503, 34.27730577429497], [117.27499922570503, 34.28261622570503], [117.26968877429498, 34.28261622570503], [117.26968877429498, 34.27730577429497]]",1185,10,old
西贺花园东区,贾汪区,117.27486,34.279526,"[[117.27208695545661, 34.276752955456615], [117.27763304454339, 34.276752955456615], [117.27763304454339, 34.28229904454338], [117.27208695545661, 34.28229904454338], [117.27208695545661, 34.276752955456615]]",2625,18,old
公园首府,云龙区,117.28908,34.214433,"[[117.28646220991521, 34.21181520991522], [117.29169779008478, 34.21181520991522], [117.29169779008478, 34.21705079008478], [117.28646220991521, 34.21705079008478], [117.28646220991521, 34.21181520991522]]",4779,18,normal
吴庄花园,泉山区,117.169912,34.253311,"[[117.16618211031354, 34.24958111031355], [117.17364188968645, 34.24958111031355], [117.17364188968645, 34.257040889686444], [117.16618211031354, 34.257040889686444], [117.16618211031354, 34.24958111031355]]",1591,13,old
春雨小区,泉山区,117.140861,34.269135,"[[117.1373997626972, 34.265673762697205], [117.1443222373028, 34.265673762697205], [117.1443222373028, 34.27259623730279], [117.1373997626972, 34.27259623730279], [117.1373997626972, 34.265673762697205]]",3648,24,normal
蟠桃花园五村,鼓楼区,117.265384,34.286134,"[[117.26320107947502, 34.28395107947503], [117.26756692052497, 34.28395107947503], [117.26756692052497, 34.28831692052496], [117.26320107947502, 34.28831692052496], [117.26320107947502, 34.28395107947503]]",2576,8,new
蟠桃花园一期,鼓楼区,117.275617,34.286709,"[[117.27212408313434, 34.28321608313434], [117.27910991686565, 34.28321608313434], [117.27910991686565, 34.29020191686566], [117.27212408313434, 34.29020191686566], [117.27212408313434, 34.28321608313434]]",4889,16,old
蟠桃花园四期,贾汪区,117.280041,34.283266,"[[117.27721695985056, 34.280441959850556], [117.28286504014943, 34.280441959850556], [117.28286504014943, 34.28609004014944], [117.27721695985056, 34.28609004014944], [117.27721695985056, 34.280441959850556]]",1420,11,old
蟠桃花园二期,贾汪区,117.273106,34.282239,"[[117.26988663934056, 34.279019639340554], [117.27632536065944, 34.279019639340554], [117.27632536065944, 34.28545836065944], [117.26988663934056, 34.28545836065944], [117.26988663934056, 34.279019639340554]]",2063,12,new
蟠桃花园八期,贾汪区,117.280318,34.279926,"[[117.27698098028804, 34.27658898028805], [117.28365501971194, 34.27658898028805], [117.28365501971194, 34.28326301971196], [117.27698098028804, 34.28326301971196], [117.27698098028804, 34.27658898028805]]",2487,23,normal
蟠桃花园九期,贾汪区,117.285511,34.277088,"[[117.28319083383285, 34.27476783383284], [117.28783116616715, 34.27476783383284], [117.28783116616715, 34.27940816616716], [117.28319083383285, 34.27940816616716], [117.28319083383285, 34.27476783383284]]",4617,16,new
蟠桃花园三村,鼓楼区,117.276126,34.28288,"[[117.2736559634162, 34.2804099634162], [117.2785960365838, 34.2804099634162], [117.2785960365838, 34.2853500365838], [117.2736559634162, 34.2853500365838], [117.2736559634162, 34.2804099634162]]",3063,18,new
蟠桃花园,鼓楼区,117.275257,34.287185,"[[117.27293380335787, 34.284861803357884], [117.27758019664212, 34.284861803357884], [117.27758019664212, 34.28950819664212], [117.27293380335787, 34.28950819664212], [117.27293380335787, 34.284861803357884]]",3225,29,normal
蟠桃花园六村,鼓楼区,117.259501,34.285412,"[[117.25560025235268, 34.28151125235268], [117.26340174764732, 34.28151125235268], [117.26340174764732, 34.28931274764732], [117.25560025235268, 34.28931274764732], [117.25560025235268, 34.28151125235268]]",1071,10,old
城市花园,鼓楼区,117.130174,34.307439,"[[117.12800476873757, 34.305269768737574], [117.13234323126242, 34.305269768737574], [117.13234323126242, 34.30960823126243], [117.12800476873757, 34.30960823126243], [117.12800476873757, 34.305269768737574]]",2955,21,normal
公园时代,铜山区,117.173611,34.151098,"[[117.17144078281281, 34.14892778281281], [117.17578121718718, 34.14892778281281], [117.17578121718718, 34.15326821718718], [117.17144078281281, 34.15326821718718], [117.17144078281281, 34.14892778281281]]",2550,8,normal
弘阳·公园大道,贾汪区,117.413551,34.321611,"[[117.41109877170724, 34.319158771707244], [117.41600322829275, 34.319158771707244], [117.41600322829275, 34.32406322829275], [117.41109877170724, 34.32406322829275], [117.41109877170724, 34.319158771707244]]",4815,22,normal
汇亿丰银郡花园,鼓楼区,117.198963,34.287226,"[[117.19663417788479, 34.28489717788477], [117.20129182211522, 34.28489717788477], [117.20129182211522, 34.28955482211522], [117.19663417788479, 34.28955482211522], [117.19663417788479, 34.28489717788477]]",968,21,new
驿城花园,铜山区,117.213974,34.179156,"[[117.21007547628678, 34.175257476286774], [117.21787252371321, 34.175257476286774], [117.21787252371321, 34.183054523713224], [117.21007547628678, 34.183054523713224], [117.21007547628678, 34.175257476286774]]",2425,26,normal
恒嘉·郡望花园,鼓楼区,117.181393,34.299331,"[[117.17744168964582, 34.29537968964582], [117.18534431035418, 34.29537968964582], [117.18534431035418, 34.303282310354184], [117.17744168964582, 34.303282310354184], [117.17744168964582, 34.29537968964582]]",2915,23,normal
东尚润景花园,鼓楼区,117.225552,34.284719,"[[117.22216260576378, 34.28132960576379], [117.2289413942362, 34.28132960576379], [117.2289413942362, 34.28810839423622], [117.22216260576378, 34.28810839423622], [117.22216260576378, 34.28132960576379]]",3720,23,new
西贺花园二期,贾汪区,117.268881,34.280615,"[[117.26492218018528, 34.27665618018529], [117.2728398198147, 34.27665618018529], [117.2728398198147, 34.2845738198147], [117.26492218018528, 34.2845738198147], [117.26492218018528, 34.27665618018529]]",3174,26,normal
圆梦花园西区,云龙区,117.21045,34.262758,"[[117.20817658668619, 34.2604845866862], [117.2127234133138, 34.2604845866862], [117.2127234133138, 34.2650314133138], [117.20817658668619, 34.2650314133138], [117.20817658668619, 34.2604845866862]]",4542,22,normal
金旅公园里,贾汪区,117.472199,34.428412,"[[117.46914162899276, 34.42535462899275], [117.47525637100725, 34.42535462899275], [117.47525637100725, 34.43146937100725], [117.46914162899276, 34.43146937100725], [117.46914162899276, 34.42535462899275]]",3003,22,normal
绿苑花园,云龙区,117.241076,34.252284,"[[117.23896748784573, 34.250175487845716], [117.24318451215429, 34.250175487845716], [117.24318451215429, 34.25439251215429], [117.23896748784573, 34.25439251215429], [117.23896748784573, 34.250175487845716]]",4952,25,normal
福苑花园,云龙区,117.242558,34.259404,"[[117.23880007352186, 34.25564607352186], [117.24631592647815, 34.25564607352186], [117.24631592647815, 34.26316192647815], [117.23880007352186, 34.26316192647815], [117.23880007352186, 34.25564607352186]]",4843,13,new
凯旋门3期,鼓楼区,117.183538,34.273129,"[[117.18007599293584, 34.26966699293584], [117.18700000706416, 34.26966699293584], [117.18700000706416, 34.276591007064155], [117.18007599293584, 34.276591007064155], [117.18007599293584, 34.26966699293584]]",1742,10,old
千禧龙小区,鼓楼区,117.177838,34.274004,"[[117.17389212315672, 34.27005812315673], [117.18178387684327, 34.27005812315673], [117.18178387684327, 34.277949876843266], [117.17389212315672, 34.277949876843266], [117.17389212315672, 34.27005812315673]]",2274,9,normal
华厦花园,鼓楼区,117.191796,34.292157,"[[117.1883161015938, 34.28867710159381], [117.1952758984062, 34.28867710159381], [117.1952758984062, 34.295636898406194], [117.1883161015938, 34.295636898406194], [117.1883161015938, 34.28867710159381]]",2767,7,normal
琵琶花园南区,鼓楼区,117.203394,34.307483,"[[117.20073210394573, 34.30482110394573], [117.20605589605428, 34.30482110394573], [117.20605589605428, 34.31014489605427], [117.20073210394573, 34.31014489605427], [117.20073210394573, 34.30482110394573]]",2332,26,normal
狮子山春光花园,云龙区,117.23301,34.242745,"[[117.2295375899957, 34.239272589995714], [117.23648241000429, 34.239272589995714], [117.23648241000429, 34.246217410004284], [117.2295375899957, 34.246217410004284], [117.2295375899957, 34.239272589995714]]",4205,8,old
永业世纪花园,鼓楼区,117.174122,34.276627,"[[117.17150523724688, 34.274010237246884], [117.17673876275312, 34.274010237246884], [117.17673876275312, 34.27924376275311], [117.17150523724688, 34.27924376275311], [117.17150523724688, 34.274010237246884]]",4171,28,new
泰山汇景花园,泉山区,117.187583,34.221604,"[[117.18479282259257, 34.21881382259256], [117.19037317740744, 34.21881382259256], [117.19037317740744, 34.22439417740744], [117.18479282259257, 34.22439417740744], [117.18479282259257, 34.21881382259256]]",829,8,new
瑞丰花园,云龙区,117.217605,34.261999,"[[117.21483015028072, 34.25922415028071], [117.2203798497193, 34.25922415028071], [117.2203798497193, 34.2647738497193], [117.21483015028072, 34.2647738497193], [117.21483015028072, 34.25922415028071]]",3078,12,old
大湖花园,贾汪区,117.31425,34.260094,"[[117.31128614225514, 34.25713014225515], [117.31721385774486, 34.25713014225515], [117.31721385774486, 34.263057857744855], [117.31128614225514, 34.263057857744855], [117.31128614225514, 34.25713014225515]]",3488,14,normal
滨湖花园东区,泉山区,117.147661,34.24838,"[[117.14470248466029, 34.245421484660284], [117.15061951533971, 34.245421484660284], [117.15061951533971, 34.25133851533971], [117.14470248466029, 34.25133851533971], [117.14470248466029, 34.245421484660284]]",3110,8,normal
天润花园,鼓楼区,117.194659,34.287005,"[[117.1909053456352, 34.2832513456352], [117.1984126543648, 34.2832513456352], [117.1984126543648, 34.2907586543648], [117.1909053456352, 34.2907586543648], [117.1909053456352, 34.2832513456352]]",4137,7,old
公园西村,泉山区,117.174053,34.256866,"[[117.17040278100116, 34.25321578100116], [117.17770321899884, 34.25321578100116], [117.17770321899884, 34.260516218998845], [117.17040278100116, 34.260516218998845], [117.17040278100116, 34.25321578100116]]",1320,24,new
云龙公园新村,泉山区,117.180842,34.257419,"[[117.17759224294805, 34.25416924294805], [117.18409175705195, 34.25416924294805], [117.18409175705195, 34.260668757051945], [117.17759224294805, 34.260668757051945], [117.17759224294805, 34.25416924294805]]",4759,23,normal
金达花园,铜山区,117.376465,34.139777,"[[117.37260687180692, 34.135918871806936], [117.38032312819307, 34.135918871806936], [117.38032312819307, 34.14363512819307], [117.37260687180692, 34.14363512819307], [117.37260687180692, 34.135918871806936]]",4964,15,old
管道二公司小区南一区,泉山区,117.190014,34.212532,"[[117.18619764951595, 34.20871564951594], [117.19383035048406, 34.20871564951594], [117.19383035048406, 34.21634835048407], [117.18619764951595, 34.21634835048407], [117.18619764951595, 34.20871564951594]]",4429,20,old
长城黄山花园,云龙区,117.230979,34.257144,"[[117.22714575027983, 34.25331075027983], [117.23481224972018, 34.25331075027983], [117.23481224972018, 34.26097724972016], [117.22714575027983, 34.26097724972016], [117.22714575027983, 34.25331075027983]]",3122,25,normal
兴隆花园(煤港路),鼓楼区,117.212656,34.29416,"[[117.20914995625428, 34.29065395625428], [117.21616204374571, 34.29065395625428], [117.21616204374571, 34.297666043745714], [117.20914995625428, 34.297666043745714], [117.20914995625428, 34.29065395625428]]",3917,16,normal
望景花园,泉山区,117.185033,34.253834,"[[117.1825368222957, 34.251337822295696], [117.1875291777043, 34.251337822295696], [117.1875291777043, 34.2563301777043], [117.1825368222957, 34.2563301777043], [117.1825368222957, 34.251337822295696]]",4991,26,old
九里新苑7期,鼓楼区,117.156463,34.324093,"[[117.15327568602645, 34.32090568602644], [117.15965031397356, 34.32090568602644], [117.15965031397356, 34.32728031397355], [117.15327568602645, 34.32728031397355], [117.15327568602645, 34.32090568602644]]",2449,20,normal
保利合景珑湾花苑三期,贾汪区,117.296427,34.255015,"[[117.29297399822941, 34.25156199822942], [117.29988000177057, 34.25156199822942], [117.29988000177057, 34.25846800177058], [117.29297399822941, 34.25846800177058], [117.29297399822941, 34.25156199822942]]",2119,17,old
泉盛美家C区,泉山区,117.126935,34.260523,"[[117.12492722286457, 34.25851522286456], [117.12894277713544, 34.25851522286456], [117.12894277713544, 34.26253077713544], [117.12492722286457, 34.26253077713544], [117.12492722286457, 34.25851522286456]]",3996,21,new
文泰康城,铜山区,117.184374,34.203707,"[[117.18175593006858, 34.201088930068565], [117.18699206993143, 34.201088930068565], [117.18699206993143, 34.20632506993144], [117.18175593006858, 34.20632506993144], [117.18175593006858, 34.201088930068565]]",1271,13,new
鑫苑景城,泉山区,117.154176,34.264161,"[[117.15112247314788, 34.26110747314788], [117.15722952685213, 34.26110747314788], [117.15722952685213, 34.26721452685212], [117.15112247314788, 34.26721452685212], [117.15112247314788, 34.26110747314788]]",3120,16,normal
运河玉苑,鼓楼区,117.281683,34.322217,"[[117.27881028352259, 34.31934428352259], [117.28455571647741, 34.31934428352259], [117.28455571647741, 34.325089716477414], [117.27881028352259, 34.325089716477414], [117.27881028352259, 34.31934428352259]]",4605,11,new
绿地书香苑,云龙区,117.282777,34.217742,"[[117.27979759267298, 34.214762592672976], [117.28575640732701, 34.214762592672976], [117.28575640732701, 34.22072140732703], [117.27979759267298, 34.22072140732703], [117.27979759267298, 34.214762592672976]]",2008,29,old
阿尔卡迪亚,泉山区,117.159703,34.256173,"[[117.15640678810692, 34.252876788106924], [117.16299921189307, 34.252876788106924], [117.16299921189307, 34.25946921189307], [117.15640678810692, 34.25946921189307], [117.15640678810692, 34.252876788106924]]",2476,17,old
中凯·城市之光,泉山区,117.155732,34.261388,"[[117.15252909129956, 34.25818509129955], [117.15893490870045, 34.25818509129955], [117.15893490870045, 34.26459090870044], [117.15252909129956, 34.26459090870044], [117.15252909129956, 34.25818509129955]]",3908,21,new
新泉佳苑,泉山区,117.214036,34.221494,"[[117.21169113516011, 34.21914913516012], [117.21638086483988, 34.21914913516012], [117.21638086483988, 34.22383886483988], [117.21169113516011, 34.22383886483988], [117.21169113516011, 34.21914913516012]]",2767,21,normal
翠屏佳苑,云龙区,117.279625,34.242042,"[[117.27681603448295, 34.23923303448295], [117.28243396551704, 34.23923303448295], [117.28243396551704, 34.244850965517045], [117.27681603448295, 34.244850965517045], [117.27681603448295, 34.23923303448295]]",4568,23,normal
万科翡翠天御,泉山区,117.160816,34.271139,"[[117.15778968767718, 34.26811268767719], [117.16384231232281, 34.26811268767719], [117.16384231232281, 34.27416531232281], [117.15778968767718, 34.27416531232281], [117.15778968767718, 34.26811268767719]]",4304,16,normal
豪绅嘉苑,鼓楼区,117.158906,34.289486,"[[117.15647930237996, 34.28705930237996], [117.16133269762004, 34.28705930237996], [117.16133269762004, 34.291912697620035], [117.15647930237996, 34.291912697620035], [117.15647930237996, 34.28705930237996]]",2942,15,normal
保利合景珑湾花苑一期,贾汪区,117.295738,34.259206,"[[117.29366412123987, 34.25713212123986], [117.29781187876013, 34.25713212123986], [117.29781187876013, 34.261279878760135], [117.29366412123987, 34.261279878760135], [117.29366412123987, 34.25713212123986]]",4958,18,normal
西苑民乐园,泉山区,117.142382,34.274351,"[[117.13857216615463, 34.270541166154636], [117.14619183384536, 34.270541166154636], [117.14619183384536, 34.27816083384537], [117.13857216615463, 34.27816083384537], [117.13857216615463, 34.270541166154636]]",3440,19,old
普查西院,泉山区,117.16219,34.261683,"[[117.16015771911418, 34.259650719114184], [117.16422228088581, 34.259650719114184], [117.16422228088581, 34.26371528088581], [117.16015771911418, 34.26371528088581], [117.16015771911418, 34.259650719114184]]",2337,24,normal
一六九勘探队地质家园,泉山区,117.162799,34.260415,"[[117.15915398525847, 34.256769985258465], [117.16644401474154, 34.256769985258465], [117.16644401474154, 34.26406001474154], [117.15915398525847, 34.26406001474154], [117.15915398525847, 34.256769985258465]]",4495,23,old
鼓楼晶典,鼓楼区,117.189707,34.282508,"[[117.1857992596889, 34.278600259688915], [117.19361474031109, 34.278600259688915], [117.19361474031109, 34.286415740311085], [117.1857992596889, 34.286415740311085], [117.1857992596889, 34.278600259688915]]",2515,8,normal
金德嘉苑,云龙区,117.307716,34.228368,"[[117.30497134220677, 34.225623342206774], [117.31046065779323, 34.225623342206774], [117.31046065779323, 34.23111265779323], [117.30497134220677, 34.23111265779323], [117.30497134220677, 34.225623342206774]]",3647,15,old
大华梧桐院,贾汪区,117.362433,34.342678,"[[117.35947950347236, 34.33972450347236], [117.36538649652763, 34.33972450347236], [117.36538649652763, 34.34563149652764], [117.35947950347236, 34.34563149652764], [117.35947950347236, 34.33972450347236]]",1352,9,normal
南湖尚苑,铜山区,117.14209,34.194802,"[[117.13938208685477, 34.192094086854766], [117.14479791314523, 34.192094086854766], [117.14479791314523, 34.19750991314524], [117.13938208685477, 34.19750991314524], [117.13938208685477, 34.192094086854766]]",4908,25,old
荣盛城观澜悦居北院,泉山区,117.120286,34.256052,"[[117.11765856008488, 34.25342456008489], [117.12291343991511, 34.25342456008489], [117.12291343991511, 34.258679439915106], [117.11765856008488, 34.258679439915106], [117.11765856008488, 34.25342456008489]]",2263,6,normal
坝山新苑,云龙区,117.263927,34.248454,"[[117.25995006831965, 34.244477068319654], [117.26790393168034, 34.244477068319654], [117.26790393168034, 34.25243093168035], [117.25995006831965, 34.25243093168035], [117.25995006831965, 34.244477068319654]]",3405,27,old
阿尔卡迪亚A区,泉山区,117.159935,34.257092,"[[117.15596587555373, 34.25312287555373], [117.16390412444628, 34.25312287555373], [117.16390412444628, 34.26106112444627], [117.15596587555373, 34.26106112444627], [117.15596587555373, 34.25312287555373]]",1238,28,normal
和美佳苑,泉山区,117.123364,34.298783,"[[117.12029752531608, 34.29571652531609], [117.12643047468391, 34.29571652531609], [117.12643047468391, 34.30184947468391], [117.12029752531608, 34.30184947468391], [117.12029752531608, 34.29571652531609]]",4097,13,old
吉祥佳苑,泉山区,117.158003,34.272863,"[[117.15487603800506, 34.269736038005064], [117.16112996199493, 34.269736038005064], [117.16112996199493, 34.27598996199494], [117.15487603800506, 34.27598996199494], [117.15487603800506, 34.269736038005064]]",3229,14,normal
聚福苑,铜山区,117.186142,34.187714,"[[117.18408880625178, 34.18566080625178], [117.18819519374823, 34.18566080625178], [117.18819519374823, 34.18976719374822], [117.18408880625178, 34.18976719374822], [117.18408880625178, 34.18566080625178]]",1960,12,new
美的云筑和苑,泉山区,117.182469,34.218421,"[[117.17944717614812, 34.21539917614811], [117.18549082385188, 34.21539917614811], [117.18549082385188, 34.22144282385189], [117.17944717614812, 34.22144282385189], [117.17944717614812, 34.21539917614811]]",3477,15,new
保利合景珑湾花苑二期,贾汪区,117.296376,34.257135,"[[117.29363741756585, 34.25439641756586], [117.29911458243414, 34.25439641756586], [117.29911458243414, 34.25987358243414], [117.29363741756585, 34.25987358243414], [117.29363741756585, 34.25439641756586]]",2639,7,normal
山水庭苑,泉山区,117.114838,34.245823,"[[117.11172172416887, 34.24270672416886], [117.11795427583114, 34.24270672416886], [117.11795427583114, 34.24893927583114], [117.11172172416887, 34.24893927583114], [117.11172172416887, 34.24270672416886]]",3784,15,normal
段庄小区,泉山区,117.151607,34.26367,"[[117.14766971614223, 34.25973271614224], [117.15554428385776, 34.25973271614224], [117.15554428385776, 34.26760728385776], [117.14766971614223, 34.26760728385776], [117.14766971614223, 34.25973271614224]]",4575,10,normal
万科淮海天地五街区,泉山区,117.154024,34.261067,"[[117.15082808128157, 34.257871081281564], [117.15721991871844, 34.257871081281564], [117.15721991871844, 34.26426291871843], [117.15082808128157, 34.26426291871843], [117.15082808128157, 34.257871081281564]]",2794,20,old
后坝佳苑,贾汪区,117.335332,34.238627,"[[117.3328429983934, 34.23613799839341], [117.33782100160659, 34.23613799839341], [117.33782100160659, 34.24111600160659], [117.3328429983934, 34.24111600160659], [117.3328429983934, 34.23613799839341]]",4445,21,normal
湖西雅苑C区,泉山区,117.122214,34.245221,"[[117.1201876259451, 34.243194625945115], [117.12424037405489, 34.243194625945115], [117.12424037405489, 34.247247374054886], [117.1201876259451, 34.247247374054886], [117.1201876259451, 34.243194625945115]]",3452,6,normal
金苑小区北院,鼓楼区,117.24479,34.289087,"[[117.24248932011695, 34.28678632011695], [117.24709067988304, 34.28678632011695], [117.24709067988304, 34.29138767988305], [117.24248932011695, 34.29138767988305], [117.24248932011695, 34.28678632011695]]",4625,24,new
鑫苑景园,泉山区,117.151668,34.267934,"[[117.14932079471956, 34.26558679471955], [117.15401520528044, 34.26558679471955], [117.15401520528044, 34.27028120528044], [117.14932079471956, 34.27028120528044], [117.14932079471956, 34.26558679471955]]",988,28,normal
汉襄佳苑,鼓楼区,117.142307,34.312291,"[[117.13897416889338, 34.30895816889339], [117.14563983110662, 34.30895816889339], [117.14563983110662, 34.31562383110661], [117.13897416889338, 34.31562383110661], [117.13897416889338, 34.30895816889339]]",2225,16,new
荣盛城观澜悦居南院,泉山区,117.120351,34.254455,"[[117.11687548649178, 34.25097948649178], [117.12382651350822, 34.25097948649178], [117.12382651350822, 34.25793051350822], [117.11687548649178, 34.25793051350822], [117.11687548649178, 34.25097948649178]]",2812,6,normal
孟家沟雅苑,鼓楼区,117.23695,34.316631,"[[117.23414380798582, 34.31382480798583], [117.23975619201417, 34.31382480798583], [117.23975619201417, 34.31943719201417], [117.23414380798582, 34.31943719201417], [117.23414380798582, 34.31382480798583]]",986,16,old
永新书香苑,铜山区,117.182207,34.193859,"[[117.17840577555364, 34.19005777555363], [117.18600822444637, 34.19005777555363], [117.18600822444637, 34.19766022444637], [117.17840577555364, 34.19766022444637], [117.17840577555364, 34.19005777555363]]",3262,9,old
徐州工程学院中心校区教师公寓彭湖苑,云龙区,117.306602,34.193175,"[[117.30422494524372, 34.19079794524371], [117.30897905475628, 34.19079794524371], [117.30897905475628, 34.195552054756284], [117.30422494524372, 34.195552054756284], [117.30422494524372, 34.19079794524371]]",928,20,normal
风华南苑,铜山区,117.187316,34.20748,"[[117.18348528525915, 34.203649285259154], [117.19114671474084, 34.203649285259154], [117.19114671474084, 34.21131071474084], [117.18348528525915, 34.21131071474084], [117.18348528525915, 34.203649285259154]]",2146,9,new
华厦·枫林绿洲,泉山区,117.153169,34.267475,"[[117.15045424072596, 34.264760240725955], [117.15588375927405, 34.264760240725955], [117.15588375927405, 34.27018975927404], [117.15045424072596, 34.27018975927404], [117.15045424072596, 34.264760240725955]]",4022,18,normal
大华潘安湖首府翰院,贾汪区,117.367603,34.3455,"[[117.3643162555111, 34.3422132555111], [117.3708897444889, 34.3422132555111], [117.3708897444889, 34.348786744488905], [117.3643162555111, 34.348786744488905], [117.3643162555111, 34.3422132555111]]",1244,14,normal
泉泰佳苑,泉山区,117.175308,34.217008,"[[117.171420714387, 34.213120714386996], [117.179195285613, 34.213120714386996], [117.179195285613, 34.220895285613004], [117.171420714387, 34.220895285613004], [117.171420714387, 34.213120714386996]]",2666,22,normal
永业嘉苑,贾汪区,117.450502,34.428679,"[[117.4468557472382, 34.4250327472382], [117.4541482527618, 34.4250327472382], [117.4541482527618, 34.43232525276181], [117.4468557472382, 34.43232525276181], [117.4468557472382, 34.4250327472382]]",1823,20,normal
南苑小区(民祥园路),云龙区,117.242823,34.255145,"[[117.24003733867053, 34.25235933867054], [117.24560866132947, 34.25235933867054], [117.24560866132947, 34.25793066132946], [117.24003733867053, 34.25793066132946], [117.24003733867053, 34.25235933867054]]",4513,21,new
贵和苑(奔腾大道),鼓楼区,117.175897,34.293506,"[[117.17316831533341, 34.290777315333415], [117.1786256846666, 34.290777315333415], [117.1786256846666, 34.29623468466659], [117.17316831533341, 34.29623468466659], [117.17316831533341, 34.290777315333415]]",4123,17,old
西苑人家,鼓楼区,117.141227,34.276966,"[[117.13852782545574, 34.27426682545575], [117.14392617454426, 34.27426682545575], [117.14392617454426, 34.279665174544256], [117.13852782545574, 34.279665174544256], [117.13852782545574, 34.27426682545575]]",1588,18,old
名仕苑,贾汪区,117.485074,34.431419,"[[117.48218405893708, 34.42852905893708], [117.48796394106292, 34.42852905893708], [117.48796394106292, 34.434308941062916], [117.48218405893708, 34.434308941062916], [117.48218405893708, 34.42852905893708]]",1479,10,new
玉潭佳苑,泉山区,117.133006,34.293873,"[[117.12904181198387, 34.28990881198387], [117.13697018801612, 34.28990881198387], [117.13697018801612, 34.297837188016125], [117.12904181198387, 34.297837188016125], [117.12904181198387, 34.28990881198387]]",3839,15,normal
张小楼嘉苑,泉山区,117.126583,34.320486,"[[117.12396216936521, 34.31786516936522], [117.12920383063478, 34.31786516936522], [117.12920383063478, 34.323106830634785], [117.12396216936521, 34.323106830634785], [117.12396216936521, 34.31786516936522]]",2257,15,normal
梅苑小区,泉山区,117.165514,34.255163,"[[117.16306730855446, 34.25271630855446], [117.16796069144554, 34.25271630855446], [117.16796069144554, 34.257609691445545], [117.16306730855446, 34.257609691445545], [117.16306730855446, 34.25271630855446]]",1841,14,normal
珠苑里一村,鼓楼区,117.201468,34.290937,"[[117.19908716809817, 34.28855616809817], [117.20384883190184, 34.28855616809817], [117.20384883190184, 34.29331783190183], [117.19908716809817, 34.29331783190183], [117.19908716809817, 34.28855616809817]]",2899,20,new
九里新苑6期,鼓楼区,117.152439,34.326234,"[[117.15027208035524, 34.32406708035523], [117.15460591964477, 34.32406708035523], [117.15460591964477, 34.32840091964477], [117.15027208035524, 34.32840091964477], [117.15027208035524, 34.32406708035523]]",3274,21,normal
云龙玉兰苑,云龙区,117.258779,34.244545,"[[117.25596163918304, 34.24172763918304], [117.26159636081697, 34.24172763918304], [117.26159636081697, 34.247362360816965], [117.25596163918304, 34.247362360816965], [117.25596163918304, 34.24172763918304]]",1533,13,old
新禧佳苑,铜山区,117.17308,34.14877,"[[117.170056078315, 34.14574607831501], [117.176103921685, 34.14574607831501], [117.176103921685, 34.15179392168499], [117.170056078315, 34.15179392168499], [117.170056078315, 34.14574607831501]]",3225,9,normal
星尚雅苑,贾汪区,117.403657,34.326219,"[[117.39978349727525, 34.32234549727526], [117.40753050272474, 34.32234549727526], [117.40753050272474, 34.330092502724746], [117.39978349727525, 34.330092502724746], [117.39978349727525, 34.32234549727526]]",3827,26,normal
嘉铭苑,泉山区,117.168455,34.270418,"[[117.1655114830991, 34.26747448309909], [117.1713985169009, 34.26747448309909], [117.1713985169009, 34.273361516900906], [117.1655114830991, 34.273361516900906], [117.1655114830991, 34.26747448309909]]",2168,9,old
绿城·紫薇东院,泉山区,117.187842,34.217749,"[[117.18390133026243, 34.21380833026243], [117.19178266973758, 34.21380833026243], [117.19178266973758, 34.221689669737565], [117.18390133026243, 34.221689669737565], [117.18390133026243, 34.21380833026243]]",3385,26,old
中枢小区101院,泉山区,117.180148,34.26214,"[[117.17741684136315, 34.25940884136315], [117.18287915863685, 34.25940884136315], [117.18287915863685, 34.26487115863686], [117.17741684136315, 34.26487115863686], [117.17741684136315, 34.25940884136315]]",3604,21,normal
绿地书香苑南区,云龙区,117.282769,34.217085,"[[117.28006526413003, 34.214381264130026], [117.28547273586997, 34.214381264130026], [117.28547273586997, 34.21978873586997], [117.28006526413003, 34.21978873586997], [117.28006526413003, 34.214381264130026]]",3974,6,normal
秦梁洪佳苑,鼓楼区,117.237568,34.325075,"[[117.23444196460635, 34.32194896460635], [117.24069403539364, 34.32194896460635], [117.24069403539364, 34.32820103539365], [117.23444196460635, 34.32820103539365], [117.23444196460635, 34.32194896460635]]",1064,15,normal
畔苑小区,鼓楼区,117.170341,34.275485,"[[117.16778747753278, 34.272931477532794], [117.1728945224672, 34.272931477532794], [117.1728945224672, 34.27803852246721], [117.16778747753278, 34.27803852246721], [117.16778747753278, 34.272931477532794]]",1416,11,normal
徐州市柳润新城四区,铜山区,117.127529,34.373569,"[[117.12396185146203, 34.370001851462035], [117.13109614853796, 34.370001851462035], [117.13109614853796, 34.37713614853797], [117.12396185146203, 34.37713614853797], [117.12396185146203, 34.370001851462035]]",2522,27,normal
柳润新城,铜山区,117.12769,34.371921,"[[117.12422397108585, 34.36845497108585], [117.13115602891415, 34.36845497108585], [117.13115602891415, 34.37538702891415], [117.12422397108585, 34.37538702891415], [117.12422397108585, 34.36845497108585]]",3972,10,normal
东城村小微企业产业园,铜山区,117.123194,34.356677,"[[117.11921841327371, 34.352701413273714], [117.12716958672628, 34.352701413273714], [117.12716958672628, 34.36065258672628], [117.11921841327371, 34.36065258672628], [117.11921841327371, 34.352701413273714]]",4552,21,normal
柳润新城3区,铜山区,117.13001,34.372414,"[[117.12693691671551, 34.36934091671551], [117.13308308328449, 34.36934091671551], [117.13308308328449, 34.37548708328449], [117.12693691671551, 34.37548708328449], [117.12693691671551, 34.36934091671551]]",3884,14,normal
柳润新城1期,铜山区,117.129255,34.369999,"[[117.12634160162752, 34.36708560162751], [117.13216839837249, 34.36708560162751], [117.13216839837249, 34.37291239837249], [117.12634160162752, 34.37291239837249], [117.12634160162752, 34.36708560162751]]",2632,26,new
天誉时代城一期,泉山区,117.120399,34.32571,"[[117.11667007691035, 34.32198107691034], [117.12412792308966, 34.32198107691034], [117.12412792308966, 34.32943892308966], [117.11667007691035, 34.32943892308966], [117.11667007691035, 34.32198107691034]]",1822,6,normal
四季连城,鼓楼区,117.120801,34.304517,"[[117.11816637503014, 34.30188237503014], [117.12343562496986, 34.30188237503014], [117.12343562496986, 34.307151624969855], [117.11816637503014, 34.307151624969855], [117.11816637503014, 34.30188237503014]]",4478,24,new
中海·湖城大境(南门会客厅),铜山区,117.11338,34.25055,"[[117.11025916178558, 34.247429161785576], [117.11650083821444, 34.247429161785576], [117.11650083821444, 34.25367083821442], [117.11025916178558, 34.25367083821442], [117.11025916178558, 34.247429161785576]]",3680,28,normal
中建五局徐矿城西B-2地块,鼓楼区,117.13879,34.316853,"[[117.13493247187702, 34.312995471877024], [117.14264752812298, 34.312995471877024], [117.14264752812298, 34.32071052812298], [117.13493247187702, 34.32071052812298], [117.13493247187702, 34.312995471877024]]",4343,19,old
中国中铁陆港城,泉山区,117.130064,34.276652,"[[117.12710937940827, 34.273697379408254], [117.13301862059174, 34.273697379408254], [117.13301862059174, 34.27960662059174], [117.12710937940827, 34.27960662059174], [117.12710937940827, 34.273697379408254]]",1108,16,normal
荣盛城麓山荣郡1期,泉山区,117.132487,34.256521,"[[117.13013656512544, 34.254170565125435], [117.13483743487456, 34.254170565125435], [117.13483743487456, 34.258871434874564], [117.13013656512544, 34.258871434874564], [117.13013656512544, 34.254170565125435]]",3320,29,normal
苏宁悦城-一二期,鼓楼区,117.159831,34.318705,"[[117.15722382583535, 34.31609782583535], [117.16243817416465, 34.31609782583535], [117.16243817416465, 34.32131217416465], [117.15722382583535, 34.32131217416465], [117.15722382583535, 34.31609782583535]]",4509,23,old
港利·上城国际北区,鼓楼区,117.167984,34.329277,"[[117.16437924303283, 34.32567224303282], [117.17158875696718, 34.32567224303282], [117.17158875696718, 34.332881756967176], [117.16437924303283, 34.332881756967176], [117.16437924303283, 34.32567224303282]]",2265,9,normal
港利·上城国际南区,鼓楼区,117.167217,34.325437,"[[117.16377535705183, 34.32199535705184], [117.17065864294815, 34.32199535705184], [117.17065864294815, 34.32887864294816], [117.16377535705183, 34.32887864294816], [117.16377535705183, 34.32199535705184]]",3780,16,new
中城汇花园E区,鼓楼区,117.184678,34.326943,"[[117.180798715004, 34.323063715004], [117.18855728499601, 34.323063715004], [117.18855728499601, 34.330822284996], [117.180798715004, 34.330822284996], [117.180798715004, 34.323063715004]]",1791,22,normal
新城珑湖天隽-北区,鼓楼区,117.182192,34.289918,"[[117.17857999790041, 34.28630599790042], [117.18580400209959, 34.28630599790042], [117.18580400209959, 34.29353000209958], [117.17857999790041, 34.29353000209958], [117.17857999790041, 34.28630599790042]]",1217,25,normal
欧洲商城D座,泉山区,117.174255,34.262766,"[[117.17170390585927, 34.26021490585928], [117.17680609414073, 34.26021490585928], [117.17680609414073, 34.26531709414072], [117.17170390585927, 34.26531709414072], [117.17170390585927, 34.26021490585928]]",3281,21,normal
山水悦城,鼓楼区,117.214587,34.32907,"[[117.2106623188571, 34.3251453188571], [117.21851168114289, 34.3251453188571], [117.21851168114289, 34.3329946811429], [117.2106623188571, 34.3329946811429], [117.2106623188571, 34.3251453188571]]",1594,14,new
好得家悦城,鼓楼区,117.215292,34.327313,"[[117.21256544077494, 34.32458644077493], [117.21801855922507, 34.32458644077493], [117.21801855922507, 34.330039559225064], [117.21256544077494, 34.330039559225064], [117.21256544077494, 34.32458644077493]]",3138,25,new
琵琶新城北区,鼓楼区,117.215525,34.319875,"[[117.21299269734034, 34.31734269734035], [117.21805730265966, 34.31734269734035], [117.21805730265966, 34.322407302659656], [117.21299269734034, 34.322407302659656], [117.21299269734034, 34.31734269734035]]",4468,25,normal
银城致享城,铜山区,117.159183,34.146781,"[[117.15665454015883, 34.144252540158824], [117.16171145984117, 34.144252540158824], [117.16171145984117, 34.14930945984117], [117.15665454015883, 34.14930945984117], [117.15665454015883, 34.144252540158824]]",3322,11,old
江苏淮海科技城·科创总部基地,泉山区,117.198723,34.227901,"[[117.19527653601422, 34.224454536014214], [117.20216946398578, 34.224454536014214], [117.20216946398578, 34.23134746398579], [117.19527653601422, 34.23134746398579], [117.19527653601422, 34.224454536014214]]",2257,16,normal
矿大科技城,泉山区,117.202649,34.227938,"[[117.19865121613654, 34.22394021613654], [117.20664678386345, 34.22394021613654], [117.20664678386345, 34.23193578386346], [117.19865121613654, 34.23193578386346], [117.19865121613654, 34.22394021613654]]",2855,27,normal
君道中城,铜山区,117.191425,34.187027,"[[117.18765814870235, 34.18326014870236], [117.19519185129764, 34.18326014870236], [117.19519185129764, 34.19079385129764], [117.18765814870235, 34.19079385129764], [117.18765814870235, 34.18326014870236]]",3273,25,old
刘湾小区五金机电城西区,鼓楼区,117.241175,34.322825,"[[117.23843949601529, 34.3200894960153], [117.24391050398471, 34.3200894960153], [117.24391050398471, 34.325560503984704], [117.23843949601529, 34.325560503984704], [117.23843949601529, 34.3200894960153]]",4822,9,normal
刘湾小区五金机电城东区,鼓楼区,117.244325,34.323075,"[[117.24093847076507, 34.31968847076508], [117.24771152923493, 34.31968847076508], [117.24771152923493, 34.326461529234926], [117.24093847076507, 34.326461529234926], [117.24093847076507, 34.31968847076508]]",2125,14,old
乐城小区,鼓楼区,117.233925,34.292675,"[[117.23187801808636, 34.29062801808636], [117.23597198191364, 34.29062801808636], [117.23597198191364, 34.294721981913646], [117.23187801808636, 34.294721981913646], [117.23187801808636, 34.29062801808636]]",999,28,old
美的乐城小区3期,鼓楼区,117.235025,34.293725,"[[117.23239224980975, 34.29109224980976], [117.23765775019024, 34.29109224980976], [117.23765775019024, 34.296357750190246], [117.23239224980975, 34.296357750190246], [117.23239224980975, 34.29109224980976]]",2840,20,old
徐高新绿城·桂语新著,铜山区,117.202648,34.199314,"[[117.19870662412606, 34.195372624126065], [117.20658937587393, 34.195372624126065], [117.20658937587393, 34.20325537587394], [117.19870662412606, 34.20325537587394], [117.19870662412606, 34.195372624126065]]",3513,30,normal
峄城花园2期,铜山区,117.213831,34.177432,"[[117.2113010468412, 34.17490204684121], [117.2163609531588, 34.17490204684121], [117.2163609531588, 34.179961953158795], [117.2113010468412, 34.179961953158795], [117.2113010468412, 34.17490204684121]]",3004,15,normal
东苑农贸市场A楼,云龙区,117.238525,34.243275,"[[117.23630536025266, 34.24105536025266], [117.24074463974733, 34.24105536025266], [117.24074463974733, 34.245494639747335], [117.23630536025266, 34.245494639747335], [117.23630536025266, 34.24105536025266]]",2131,11,normal
绿地世纪城六期,云龙区,117.245168,34.250109,"[[117.24195375877922, 34.24689475877921], [117.2483822412208, 34.24689475877921], [117.2483822412208, 34.25332324122079], [117.24195375877922, 34.25332324122079], [117.24195375877922, 34.24689475877921]]",1399,26,normal
百悦城A区,云龙区,117.246525,34.253075,"[[117.24433493225789, 34.250884932257875], [117.24871506774213, 34.250884932257875], [117.24871506774213, 34.25526506774213], [117.24433493225789, 34.25526506774213], [117.24433493225789, 34.250884932257875]]",1579,10,old
绿地世纪城四期,云龙区,117.248014,34.246219,"[[117.2450937742738, 34.24329877427381], [117.2509342257262, 34.24329877427381], [117.2509342257262, 34.249139225726196], [117.2450937742738, 34.249139225726196], [117.2450937742738, 34.24329877427381]]",3207,10,normal
绿地世纪城7期,云龙区,117.249629,34.247536,"[[117.24760278767825, 34.24550978767825], [117.25165521232175, 34.24550978767825], [117.25165521232175, 34.24956221232174], [117.24760278767825, 34.24956221232174], [117.24760278767825, 34.24550978767825]]",1437,14,normal
城置环球港,贾汪区,117.271975,34.271456,"[[117.26991160302137, 34.269392603021366], [117.27403839697863, 34.269392603021366], [117.27403839697863, 34.273519396978635], [117.26991160302137, 34.273519396978635], [117.26991160302137, 34.269392603021366]]",3572,24,normal
徐州城际空间站,贾汪区,117.291375,34.261775,"[[117.28864507089034, 34.25904507089034], [117.29410492910966, 34.25904507089034], [117.29410492910966, 34.26450492910966], [117.28864507089034, 34.26450492910966], [117.28864507089034, 34.25904507089034]]",4982,8,normal
绿地缤纷城B座,贾汪区,117.301525,34.270175,"[[117.29753036852648, 34.26618036852648], [117.30551963147352, 34.26618036852648], [117.30551963147352, 34.27416963147353], [117.29753036852648, 34.27416963147353], [117.29753036852648, 34.26618036852648]]",1991,14,normal
绿城·紫薇金澜,贾汪区,117.299241,34.260052,"[[117.29658396815145, 34.25739496815146], [117.30189803184854, 34.25739496815146], [117.30189803184854, 34.262709031848544], [117.29658396815145, 34.262709031848544], [117.29658396815145, 34.25739496815146]]",3901,28,normal
高铁数字未来城F栋B区,贾汪区,117.300725,34.260475,"[[117.2974212505962, 34.2571712505962], [117.3040287494038, 34.2571712505962], [117.3040287494038, 34.2637787494038], [117.2974212505962, 34.2637787494038], [117.2974212505962, 34.2571712505962]]",2325,16,normal
高铁数字未来城产业园G幢,贾汪区,117.300625,34.259675,"[[117.29692988095591, 34.25597988095592], [117.30432011904408, 34.25597988095592], [117.30432011904408, 34.26337011904408], [117.29692988095591, 34.26337011904408], [117.29692988095591, 34.25597988095592]]",4890,18,old
绿地商务城B3-5地块,云龙区,117.285907,34.215851,"[[117.28299598992399, 34.212939989923996], [117.288818010076, 34.212939989923996], [117.288818010076, 34.218762010076006], [117.28299598992399, 34.218762010076006], [117.28299598992399, 34.212939989923996]]",3029,12,normal
高铁数字未来城产业园C幢,贾汪区,117.301723,34.259696,"[[117.29922398956789, 34.25719698956789], [117.3042220104321, 34.25719698956789], [117.3042220104321, 34.26219501043211], [117.29922398956789, 34.26219501043211], [117.29922398956789, 34.25719698956789]]",2755,12,old
绿地商务城1期,云龙区,117.283826,34.207803,"[[117.28159254767903, 34.20556954767902], [117.28605945232098, 34.20556954767902], [117.28605945232098, 34.21003645232098], [117.28159254767903, 34.21003645232098], [117.28159254767903, 34.20556954767902]]",4685,19,new
绿地商务城B5-3地块,云龙区,117.285625,34.210925,"[[117.28284698171984, 34.20814698171984], [117.28840301828015, 34.20814698171984], [117.28840301828015, 34.213703018280164], [117.28284698171984, 34.213703018280164], [117.28284698171984, 34.20814698171984]]",2905,22,old
绿地商务城2期,云龙区,117.286224,34.21052,"[[117.28335853709589, 34.20765453709589], [117.28908946290412, 34.20765453709589], [117.28908946290412, 34.213385462904114], [117.28335853709589, 34.213385462904114], [117.28335853709589, 34.20765453709589]]",3320,24,old
绿地商务城2期203号楼,云龙区,117.286275,34.210525,"[[117.28310975799627, 34.20735975799626], [117.28944024200374, 34.20735975799626], [117.28944024200374, 34.213690242003736], [117.28310975799627, 34.213690242003736], [117.28310975799627, 34.20735975799626]]",1435,20,old
徐州联城住工绿建科技产业园,贾汪区,117.39989,34.385725,"[[117.39689685448575, 34.38273185448574], [117.40288314551425, 34.38273185448574], [117.40288314551425, 34.38871814551426], [117.39689685448575, 34.38871814551426], [117.39689685448575, 34.38273185448574]]",2188,14,new
鑫城世家,贾汪区,117.632175,34.420775,"[[117.62953613778389, 34.41813613778389], [117.63481386221612, 34.41813613778389], [117.63481386221612, 34.42341386221611], [117.62953613778389, 34.42341386221611], [117.62953613778389, 34.41813613778389]]",3002,28,new
金地格林世界二期时代上城小区,铜山区,117.141643,34.173795,"[[117.13846720202454, 34.17061920202454], [117.14481879797546, 34.17061920202454], [117.14481879797546, 34.17697079797546], [117.13846720202454, 34.17697079797546], [117.13846720202454, 34.17061920202454]]",3329,29,normal
东部美的城一期,贾汪区,117.462642,34.416403,"[[117.46011015785413, 34.41387115785413], [117.46517384214587, 34.41387115785413], [117.46517384214587, 34.41893484214587], [117.46011015785413, 34.41893484214587], [117.46011015785413, 34.41387115785413]]",1789,14,new
荣盛花语城3期,泉山区,117.224974,34.210975,"[[117.22249897957676, 34.20849997957675], [117.22744902042325, 34.20849997957675], [117.22744902042325, 34.213450020423245], [117.22249897957676, 34.213450020423245], [117.22249897957676, 34.20849997957675]]",4239,9,normal
绿城诚园正信苑,鼓楼区,117.17174,34.279465,"[[117.16918356232426, 34.276908562324266], [117.17429643767574, 34.276908562324266], [117.17429643767574, 34.28202143767574], [117.16918356232426, 34.28202143767574], [117.16918356232426, 34.276908562324266]]",3500,12,normal
绿城诚园致诚苑,鼓楼区,117.171942,34.280454,"[[117.16867571130993, 34.27718771130993], [117.17520828869007, 34.27718771130993], [117.17520828869007, 34.28372028869007], [117.16867571130993, 34.28372028869007], [117.16867571130993, 34.27718771130993]]",1583,28,old
淮海科技产业城数字经济产业园,贾汪区,117.336734,34.268991,"[[117.33316105013574, 34.26541805013574], [117.34030694986427, 34.26541805013574], [117.34030694986427, 34.27256394986426], [117.33316105013574, 34.27256394986426], [117.33316105013574, 34.26541805013574]]",2870,13,old
荣盛花语城2期,泉山区,117.222184,34.210896,"[[117.2193532744865, 34.20806527448649], [117.2250147255135, 34.20806527448649], [117.2250147255135, 34.2137267255135], [117.2193532744865, 34.2137267255135], [117.2193532744865, 34.20806527448649]]",3482,23,old
锦绣新城,铜山区,117.389337,34.235803,"[[117.38607208835133, 34.232538088351326], [117.39260191164867, 34.232538088351326], [117.39260191164867, 34.23906791164867], [117.38607208835133, 34.23906791164867], [117.38607208835133, 34.232538088351326]]",4190,24,old
琵琶新城,鼓楼区,117.216451,34.319113,"[[117.2132319616772, 34.3158939616772], [117.21967003832282, 34.3158939616772], [117.21967003832282, 34.322332038322806], [117.2132319616772, 34.322332038322806], [117.2132319616772, 34.3158939616772]]",4929,8,normal
绿城·紫薇公馆青云里,泉山区,117.16321,34.223907,"[[117.16114872793038, 34.221845727930365], [117.16527127206963, 34.221845727930365], [117.16527127206963, 34.22596827206963], [117.16114872793038, 34.22596827206963], [117.16114872793038, 34.221845727930365]]",1239,20,new
绿城·紫薇公馆祥云里,泉山区,117.163052,34.222026,"[[117.1606869953147, 34.219660995314705], [117.16541700468528, 34.219660995314705], [117.16541700468528, 34.224391004685295], [117.1606869953147, 34.224391004685295], [117.1606869953147, 34.219660995314705]]",3283,17,new
天誉时代城三期,泉山区,117.119037,34.3241,"[[117.11545094138124, 34.320513941381236], [117.12262305861877, 34.320513941381236], [117.12262305861877, 34.32768605861877], [117.11545094138124, 34.32768605861877], [117.11545094138124, 34.320513941381236]]",3321,21,new
书香华府东区,鼓楼区,117.15375,34.278659,"[[117.15014910910506, 34.27505810910505], [117.15735089089495, 34.27505810910505], [117.15735089089495, 34.28225989089494], [117.15014910910506, 34.28225989089494], [117.15014910910506, 34.27505810910505]]",911,17,normal
书香华府西区,鼓楼区,117.151156,34.27856,"[[117.14830748586301, 34.27571148586302], [117.15400451413699, 34.27571148586302], [117.15400451413699, 34.28140851413698], [117.14830748586301, 34.28140851413698], [117.14830748586301, 34.27571148586302]]",4499,6,old
云龙华府,云龙区,117.252104,34.248913,"[[117.2497139171152, 34.2465229171152], [117.2544940828848, 34.2465229171152], [117.2544940828848, 34.2513030828848], [117.2497139171152, 34.2513030828848], [117.2497139171152, 34.2465229171152]]",2732,17,normal
中梁首府,铜山区,117.168212,34.175174,"[[117.16472163931891, 34.17168363931891], [117.17170236068108, 34.17168363931891], [117.17170236068108, 34.17866436068109], [117.16472163931891, 34.17866436068109], [117.16472163931891, 34.17168363931891]]",3479,13,normal
华润万象府,贾汪区,117.29259,34.255488,"[[117.28925887340917, 34.252156873409156], [117.29592112659084, 34.252156873409156], [117.29592112659084, 34.25881912659084], [117.28925887340917, 34.25881912659084], [117.28925887340917, 34.252156873409156]]",4766,20,old
华润万象府南区,贾汪区,117.292681,34.254526,"[[117.28947666272504, 34.25132166272503], [117.29588533727497, 34.25132166272503], [117.29588533727497, 34.257730337274964], [117.28947666272504, 34.257730337274964], [117.28947666272504, 34.25132166272503]]",4930,27,normal
招商雍容华府,云龙区,117.278926,34.214911,"[[117.27656880373702, 34.21255380373702], [117.28128319626298, 34.21255380373702], [117.28128319626298, 34.21726819626298], [117.27656880373702, 34.21726819626298], [117.27656880373702, 34.21255380373702]]",2781,23,old
东湖悦府,贾汪区,117.338345,34.251667,"[[117.33450344502108, 34.24782544502108], [117.34218655497892, 34.24782544502108], [117.34218655497892, 34.25550855497892], [117.33450344502108, 34.25550855497892], [117.33450344502108, 34.24782544502108]]",4538,18,normal
中南中山府,鼓楼区,117.190967,34.330896,"[[117.18781441720216, 34.327743417202164], [117.19411958279784, 34.327743417202164], [117.19411958279784, 34.33404858279784], [117.18781441720216, 34.33404858279784], [117.18781441720216, 34.327743417202164]]",1944,17,new
汉府雅园,铜山区,117.194175,34.196278,"[[117.19193287186673, 34.19403587186673], [117.19641712813328, 34.19403587186673], [117.19641712813328, 34.19852012813327], [117.19193287186673, 34.19852012813327], [117.19193287186673, 34.19403587186673]]",4657,10,normal
中南恒通和平府,贾汪区,117.331328,34.266509,"[[117.3275506150896, 34.26273161508961], [117.33510538491039, 34.26273161508961], [117.33510538491039, 34.270286384910385], [117.3275506150896, 34.270286384910385], [117.3275506150896, 34.26273161508961]]",1098,24,normal
绿地理想城云泰悦府,泉山区,117.177847,34.216264,"[[117.17399351614536, 34.21241051614537], [117.18170048385464, 34.21241051614537], [117.18170048385464, 34.22011748385464], [117.17399351614536, 34.22011748385464], [117.17399351614536, 34.21241051614537]]",4399,22,normal
华府微公馆,云龙区,117.25068,34.24886,"[[117.24793776791056, 34.246117767910555], [117.25342223208945, 34.246117767910555], [117.25342223208945, 34.251602232089446], [117.24793776791056, 34.251602232089446], [117.24793776791056, 34.246117767910555]]",1053,30,normal
云珑府,泉山区,117.124369,34.247438,"[[117.12070153942581, 34.2437705394258], [117.1280364605742, 34.2437705394258], [117.1280364605742, 34.2511054605742], [117.12070153942581, 34.2511054605742], [117.12070153942581, 34.2437705394258]]",1342,12,new
碧桂园,贾汪区,117.490463,34.432187,"[[117.48765384187236, 34.42937784187235], [117.49327215812765, 34.42937784187235], [117.49327215812765, 34.434996158127646], [117.48765384187236, 34.434996158127646], [117.48765384187236, 34.42937784187235]]",3238,10,old
云龙湖金茂府,泉山区,117.143637,34.251201,"[[117.14118461052429, 34.248748610524295], [117.1460893894757, 34.248748610524295], [117.1460893894757, 34.25365338947571], [117.14118461052429, 34.25365338947571], [117.14118461052429, 34.248748610524295]]",1522,15,normal
大华潘安湖首府,贾汪区,117.366278,34.346584,"[[117.36324122808817, 34.343547228088184], [117.36931477191182, 34.343547228088184], [117.36931477191182, 34.349620771911816], [117.36324122808817, 34.349620771911816], [117.36324122808817, 34.343547228088184]]",2889,15,old
璞悦山,云龙区,117.282801,34.25551,"[[117.27896048710832, 34.251669487108316], [117.28664151289169, 34.251669487108316], [117.28664151289169, 34.259350512891686], [117.27896048710832, 34.259350512891686], [117.27896048710832, 34.251669487108316]]",3493,12,normal
保利学府,铜山区,117.128095,34.176062,"[[117.12511388692764, 34.173080886927636], [117.13107611307237, 34.173080886927636], [117.13107611307237, 34.17904311307237], [117.12511388692764, 34.17904311307237], [117.12511388692764, 34.173080886927636]]",1571,8,normal
华润云龙湖悦府,铜山区,117.134394,34.19977,"[[117.13148394449853, 34.196859944498534], [117.13730405550147, 34.196859944498534], [117.13730405550147, 34.20268005550147], [117.13148394449853, 34.20268005550147], [117.13148394449853, 34.196859944498534]]",1555,12,new
凤凰山小区,铜山区,117.140169,34.16706,"[[117.13631557034395, 34.16320657034395], [117.14402242965605, 34.16320657034395], [117.14402242965605, 34.170913429656046], [117.13631557034395, 34.170913429656046], [117.13631557034395, 34.16320657034395]]",1819,7,normal
银城·青云府,铜山区,117.137489,34.176385,"[[117.13398420893492, 34.17288020893493], [117.14099379106509, 34.17288020893493], [117.14099379106509, 34.17988979106508], [117.13398420893492, 34.17988979106508], [117.13398420893492, 34.17288020893493]]",2597,29,normal
华府天地家园,鼓楼区,117.195557,34.283145,"[[117.19298318175647, 34.280571181756486], [117.19813081824351, 34.280571181756486], [117.19813081824351, 34.28571881824351], [117.19298318175647, 34.28571881824351], [117.19298318175647, 34.280571181756486]]",1625,11,normal
丽景府,泉山区,117.234578,34.207037,"[[117.23068353034361, 34.203142530343605], [117.23847246965639, 34.203142530343605], [117.23847246965639, 34.210931469656394], [117.23068353034361, 34.210931469656394], [117.23068353034361, 34.203142530343605]]",2692,15,normal
工润·元和悦府,铜山区,117.222155,34.162462,"[[117.21926117949198, 34.159568179491984], [117.22504882050802, 34.159568179491984], [117.22504882050802, 34.16535582050801], [117.21926117949198, 34.16535582050801], [117.21926117949198, 34.159568179491984]]",1053,6,old
紫云府,鼓楼区,117.162235,34.305272,"[[117.15977839157996, 34.30281539157997], [117.16469160842003, 34.30281539157997], [117.16469160842003, 34.307728608420035], [117.15977839157996, 34.307728608420035], [117.15977839157996, 34.30281539157997]]",4595,26,normal
金都华府,鼓楼区,117.205249,34.283852,"[[117.20284967719373, 34.28145267719373], [117.20764832280626, 34.28145267719373], [117.20764832280626, 34.28625132280628], [117.20284967719373, 34.28625132280628], [117.20284967719373, 34.28145267719373]]",3871,28,normal
中海铂悦府,泉山区,117.190799,34.204568,"[[117.1877274062441, 34.20149640624409], [117.1938705937559, 34.20149640624409], [117.1938705937559, 34.207639593755914], [117.1877274062441, 34.207639593755914], [117.1877274062441, 34.20149640624409]]",4982,6,new
万宁华府,泉山区,117.169888,34.261419,"[[117.16738221332541, 34.25891321332541], [117.17239378667459, 34.25891321332541], [117.17239378667459, 34.263924786674586], [117.16738221332541, 34.263924786674586], [117.16738221332541, 34.25891321332541]]",2887,19,new
昕棠观澜府,贾汪区,117.356591,34.359745,"[[117.35384442357277, 34.35699842357277], [117.35933757642722, 34.35699842357277], [117.35933757642722, 34.362491576427225], [117.35384442357277, 34.362491576427225], [117.35384442357277, 34.35699842357277]]",4999,19,old
娇山府,铜山区,117.148024,34.1659,"[[117.14455160156038, 34.16242760156038], [117.15149639843963, 34.16242760156038], [117.15149639843963, 34.16937239843962], [117.14455160156038, 34.16937239843962], [117.14455160156038, 34.16242760156038]]",3994,11,normal
娇山府二期,铜山区,117.149865,34.166094,"[[117.14587602137155, 34.162105021371545], [117.15385397862846, 34.162105021371545], [117.15385397862846, 34.17008297862846], [117.14587602137155, 34.17008297862846], [117.14587602137155, 34.162105021371545]]",1367,17,normal
中海熙岸华府,泉山区,117.122979,34.250362,"[[117.12071618958228, 34.248099189582284], [117.12524181041772, 34.248099189582284], [117.12524181041772, 34.25262481041772], [117.12071618958228, 34.25262481041772], [117.12071618958228, 34.248099189582284]]",2154,21,old
湖东道学府,云龙区,117.271868,34.181951,"[[117.26935424892315, 34.17943724892316], [117.27438175107685, 34.17943724892316], [117.27438175107685, 34.18446475107684], [117.26935424892315, 34.18446475107684], [117.26935424892315, 34.17943724892316]]",2082,11,new
雍润府,云龙区,117.276992,34.173351,"[[117.2733218802731, 34.169680880273084], [117.28066211972691, 34.169680880273084], [117.28066211972691, 34.17702111972691], [117.2733218802731, 34.17702111972691], [117.2733218802731, 34.169680880273084]]",3018,30,new
隐山观湖观山府,铜山区,117.144556,34.157004,"[[117.1415526794928, 34.15400067949281], [117.14755932050718, 34.15400067949281], [117.14755932050718, 34.16000732050719], [117.1415526794928, 34.16000732050719], [117.1415526794928, 34.15400067949281]]",2243,17,normal
美的德信翰林府,贾汪区,117.368314,34.27024,"[[117.3644863968261, 34.266412396826105], [117.3721416031739, 34.266412396826105], [117.3721416031739, 34.2740676031739], [117.3644863968261, 34.2740676031739], [117.3644863968261, 34.266412396826105]]",3295,13,normal
汇川府,贾汪区,117.374123,34.276052,"[[117.37098291882681, 34.272911918826814], [117.37726308117318, 34.272911918826814], [117.37726308117318, 34.279192081173186], [117.37098291882681, 34.279192081173186], [117.37098291882681, 34.272911918826814]]",1910,19,normal
府厚名门,贾汪区,117.465156,34.438386,"[[117.4612793932463, 34.43450939324631], [117.46903260675369, 34.43450939324631], [117.46903260675369, 34.442262606753694], [117.4612793932463, 34.442262606753694], [117.4612793932463, 34.43450939324631]]",1533,24,normal
天瑞华府,泉山区,117.154886,34.272497,"[[117.1510259555058, 34.2686369555058], [117.15874604449421, 34.2686369555058], [117.15874604449421, 34.276357044494205], [117.1510259555058, 34.276357044494205], [117.1510259555058, 34.2686369555058]]",2517,25,old
吾悦华府·涌园,贾汪区,117.451491,34.416226,"[[117.44911753219347, 34.41385253219346], [117.45386446780654, 34.41385253219346], [117.45386446780654, 34.418599467806544], [117.44911753219347, 34.418599467806544], [117.44911753219347, 34.41385253219346]]",4902,27,normal
金茂府,铜山区,117.164465,34.181961,"[[117.16072181754025, 34.17821781754024], [117.16820818245976, 34.17821781754024], [117.16820818245976, 34.185704182459766], [117.16072181754025, 34.185704182459766], [117.16072181754025, 34.17821781754024]]",2653,22,normal
云龙湖正荣府,铜山区,117.11969,34.222891,"[[117.1173851410682, 34.22058614106819], [117.12199485893181, 34.22058614106819], [117.12199485893181, 34.225195858931805], [117.1173851410682, 34.225195858931805], [117.1173851410682, 34.22058614106819]]",4790,22,old
大发通银融悦府,云龙区,117.230426,34.248846,"[[117.22659325201913, 34.24501325201914], [117.23425874798086, 34.24501325201914], [117.23425874798086, 34.25267874798086], [117.22659325201913, 34.25267874798086], [117.22659325201913, 34.24501325201914]]",3225,27,new
华宇九州府,泉山区,117.137685,34.263121,"[[117.13406807423544, 34.25950407423543], [117.14130192576457, 34.25950407423543], [117.14130192576457, 34.266737925764566], [117.13406807423544, 34.266737925764566], [117.13406807423544, 34.25950407423543]]",4770,18,normal
御林华府,鼓楼区,117.17011,34.288772,"[[117.16684072750247, 34.285502727502475], [117.17337927249751, 34.285502727502475], [117.17337927249751, 34.29204127249753], [117.16684072750247, 34.29204127249753], [117.16684072750247, 34.285502727502475]]",3173,26,old
学府嘉苑,泉山区,117.193908,34.218553,"[[117.19056242399193, 34.215207423991934], [117.19725357600805, 34.215207423991934], [117.19725357600805, 34.221898576008066], [117.19056242399193, 34.221898576008066], [117.19056242399193, 34.215207423991934]]",4261,14,normal
吾悦华府·禧园,贾汪区,117.45371,34.415877,"[[117.44980773446783, 34.41197473446783], [117.45761226553218, 34.41197473446783], [117.45761226553218, 34.41977926553217], [117.44980773446783, 34.41977926553217], [117.44980773446783, 34.41197473446783]]",2906,29,normal
中海臻如府,泉山区,117.144981,34.255791,"[[117.1425945837218, 34.253404583721796], [117.1473674162782, 34.253404583721796], [117.1473674162782, 34.25817741627821], [117.1425945837218, 34.25817741627821], [117.1425945837218, 34.253404583721796]]",4977,8,old
天鼎华府,贾汪区,117.447616,34.437103,"[[117.44472671533313, 34.43421371533314], [117.45050528466686, 34.43421371533314], [117.45050528466686, 34.439992284666864], [117.44472671533313, 34.439992284666864], [117.44472671533313, 34.43421371533314]]",1285,16,new
舜淮府第,泉山区,117.201779,34.229851,"[[117.1995750196041, 34.22764701960409], [117.2039829803959, 34.22764701960409], [117.2039829803959, 34.2320549803959], [117.1995750196041, 34.2320549803959], [117.1995750196041, 34.22764701960409]]",2620,25,old
东樾府,鼓楼区,117.259945,34.301806,"[[117.25775762438647, 34.299618624386476], [117.26213237561353, 34.299618624386476], [117.26213237561353, 34.30399337561352], [117.25775762438647, 34.30399337561352], [117.25775762438647, 34.299618624386476]]",1388,21,old
隐山观湖揽山府B1区,铜山区,117.140832,34.158544,"[[117.1376367138278, 34.155348713827806], [117.1440272861722, 34.155348713827806], [117.1440272861722, 34.16173928617219], [117.1376367138278, 34.16173928617219], [117.1376367138278, 34.155348713827806]]",2969,25,normal
桃源公馆(府后街),贾汪区,117.472719,34.438473,"[[117.46879675657871, 34.434550756578716], [117.47664124342128, 34.434550756578716], [117.47664124342128, 34.44239524342129], [117.46879675657871, 34.44239524342129], [117.46879675657871, 34.434550756578716]]",870,27,normal
东都华府,云龙区,117.211169,34.247577,"[[117.20791996915948, 34.24432796915948], [117.21441803084052, 34.24432796915948], [117.21441803084052, 34.25082603084052], [117.20791996915948, 34.25082603084052], [117.20791996915948, 34.24432796915948]]",2878,21,old
春秋九里府,铜山区,117.108328,34.35481,"[[117.1059674880634, 34.3524494880634], [117.1106885119366, 34.3524494880634], [117.1106885119366, 34.3571705119366], [117.1059674880634, 34.3571705119366], [117.1059674880634, 34.3524494880634]]",2874,19,normal
华地紫御府,贾汪区,117.459064,34.41181,"[[117.45538575491537, 34.408131754915374], [117.46274224508463, 34.408131754915374], [117.46274224508463, 34.41548824508463], [117.45538575491537, 34.41548824508463], [117.45538575491537, 34.408131754915374]]",2627,13,normal
美的·云熙府,鼓楼区,117.182135,34.275533,"[[117.17958244771255, 34.27298044771255], [117.18468755228746, 34.27298044771255], [117.18468755228746, 34.27808555228746], [117.17958244771255, 34.27808555228746], [117.17958244771255, 34.27298044771255]]",1251,23,normal
吾悦华府·蝶园,贾汪区,117.448367,34.416931,"[[117.44615399439763, 34.41471799439762], [117.45058000560238, 34.41471799439762], [117.45058000560238, 34.41914400560238], [117.44615399439763, 34.41914400560238], [117.44615399439763, 34.41471799439762]]",1073,10,normal
荷风悦府,泉山区,117.090398,34.333264,"[[117.08720593616651, 34.33007193616651], [117.09359006383347, 34.33007193616651], [117.09359006383347, 34.33645606383349], [117.08720593616651, 34.33645606383349], [117.08720593616651, 34.33007193616651]]",3195,20,new
荣辉时代誉府,贾汪区,117.457493,34.411768,"[[117.45535960482002, 34.40963460482003], [117.45962639517998, 34.40963460482003], [117.45962639517998, 34.41390139517998], [117.45535960482002, 34.41390139517998], [117.45535960482002, 34.40963460482003]]",4226,26,normal
